SK hynix	Samsung Electronics	KODEX Semiconductor	KODEX Leverage	TIGER Semiconductor TOP10
1446993.86	231313.57	130460.16	127789.98	42175.13
1437696.5	228395.6	130252.3	127160.81	42055.86
1451752.53	226876.86	130291.58	130034.3	42071.59
1433969.81	227160.52	128976.43	128574.01	42176.92
1439273.29	226867.88	130995.15	127198.62	42316.9
1421133.22	220475.22	130061.08	126300.09	42242.4
1423326.58	221811.4	130907.24	130019.94	41987
1423780.43	218639.4	133640.8	128130.32	42415.67
1436348.61	217686.95	134184.13	127302.36	42420.24
1412941.38	220964.66	134936.87	125213.74	42529.87
1410909.66	223596.33	133621.78	124360.74	42549.21
1393341.2	225071.45	130720.54	123434.86	42349.55
1408565.74	229786.29	130756.21	124064.58	42349.07
1417293.27	235043.39	128906.19	124278.42	42128.17
1417663.21	235488.6	128920.59	126507.75	41825.71
1385971.55	239248.97	129929.72	127690.97	41655.72
1393966.57	238727.48	128840.92	125087.35	41639.76
1389011.95	234922.99	130392.85	126987.64	41542.14
1355161.92	238725.13	131356.96	126760.6	41331.12
1388604.42	238484.23	129978.61	130269.38	41270.33
1384795.4	235079.61	130267.6	128413.44	41066.87
1388867.79	231632.35	130739.62	126487.03	41072.78
1395893.13	230426.34	131249.3	125440.3	40956.44
1406039.15	226352.68	131257.47	125393.99	40786.27
1402198.8	228620.61	132313.66	124998.43	41002.35
1405727.37	234955.68	131993.66	124649.56	41201.69
1430221.41	228955.58	132084.07	125569.42	41289.11
1424966.32	222263.56	133033.86	123043.98	41560.5
1422785.26	223702.79	133379.63	125095.39	41596.47
1408541.31	225060.04	133560.92	124788.61	41770
1432982.67	225046.26	132764.68	123341.38	41616.4
1422688.13	222152.58	130156.76	119595.63	41861.49
1430953.21	218720.96	129635.97	122090.33	41949.51
1414227.48	217932.02	130261.37	119315.45	41747.83
1426692.99	218616.85	130300.29	119120.19	42083.99
1465827.8	216666.24	130143.23	118624.46	41686.03
1448373.37	214852.19	129336.55	123141.06	41858.54
1462095.76	214342.02	129173.65	124025.51	41236.14
1468506.08	209334.89	127966.23	119745.32	41411.61
1436143.38	213268.81	129704.95	122264.46	41481.37
1419253.13	217575.97	131408.96	124667.33	41388.07
1427651.18	219621.2	130731.69	122140.95	41656.59
1427227.11	219621.16	129227.37	120120.41	41179.02
1432985.55	223803.26	127373.13	119268.42	41195.92
1433938.15	223908.56	128183.12	118296.51	41753.18
1420744.84	223195.64	127791.36	117292.87	41377.85
1432390.63	221654.12	126988.02	118415.92	41451.56
1449155.81	215879.94	127249.98	122932.99	41592.91
1441913.47	210979.23	128026.38	120512.22	41363.8
1444718.28	211673.35	127691.67	119906.66	41338.16
1439828.69	211331.45	128304.69	121366.56	41151.3
1446120.76	215662.08	126326.48	124181.08	40943.6
1430547.54	212652.72	127908.98	122842.05	40347.8
1444837.64	210467.46	128618.01	121519.93	40802.34
1454406.07	208344.51	130296.73	122017.73	40763.73
1445346.78	206853.01	131392.3	121697.45	40894.2
1451045.77	203714.56	130279.46	121847.19	40928.61
1472652.03	202953.95	130330.6	123492.12	40886.01
1426405.52	201067.31	128593.99	123713.77	41221.7
1425292.49	200944.34	128185.25	120609.54	41190.16
1417346.65	203667.9	126057.77	119084.37	41075.77
1408392.3	207027.85	128056.02	123378.22	41153.78
1414872.32	211977.4	127729.71	124712.69	41208.72
1356932.33	217688.39	127164	127322.51	41069.91
1410274.06	219021.25	130168.3	125847.72	41343.8
1408667.67	221133.38	131070.12	122609.55	41486.76
1352236.45	224022.47	133123.13	124165.13	41665.33
1350822.07	223302.93	130451.63	126313.18	41603.14
1374812.11	224507.45	131896.47	128261.86	41496.01
1371561.21	229276.78	130200.95	127214.36	41105.02
1337174.78	228051.4	131262.43	127750.98	40726.45
1356428.73	232026.95	129711.06	126140.98	40324.92
1334999.25	233977.79	129182.79	127834.19	40401.02
1359235.73	234150.77	129962.45	125163.47	40209.88
1373524.47	235675.57	129860.85	124917.8	39969.01
1401576.36	236066.65	130809.04	127324.35	40238.62
1409671.18	237015.92	130252.18	126966.25	40848.11
1399129.53	236763.96	130084.7	127420.04	40693.17
1412797.27	238011.05	129828.64	127524.33	40619.66
1448070.1	234253.22	129957.47	126968.77	40720.51
1460533.86	230143.15	130501.53	130554.4	40878.27
1464049.92	229744.87	126841.23	129518.94	40776.89
1480175.84	234048.21	129778.9	131616	40696.35
1504042.89	229451.58	131456.87	133644.57	41049.64
1516710.1	230922.89	131730.1	129739.84	41071.22
1510617.31	230073.99	131962.01	128704.98	41161.6
1484159.08	231380.67	133849.11	125781.87	41380.01
1463811.09	231152.5	135533.43	127126.11	41769.75
1481577.07	230565.85	137267.99	128365.18	41153.45
1464568.06	231355.15	138817.82	126140.3	41121.87
1483753.54	232491.59	140915.45	123575.7	41277.99
1518458.64	231630.85	139609.18	124709.73	41439.53
1544806.89	233794.82	141695.03	125830.42	41466.45
1570140.61	230564	139421.53	125178.19	41073.21
1552330.03	230955.16	137918.82	123157.74	41609.99
1530051.4	234426.65	136406.94	124096.23	41453.67
1486067.86	234491.01	135811.11	125511.05	41680.99
1440999.4	239353.41	132433.53	125914	41942.58
1393328.97	239425.98	130637.14	128667.51	42479.68
1402299.76	237341.96	133545.7	129115.12	42562.26
1418056.73	240150.58	137664.55	127343.62	42101.48
1420815.81	239794.93	136460.6	122330.01	42128.22
1432138.64	238182.86	129206.57	125468.52	41965.25
1435461.01	239572.8	122207.02	126869.03	42322.78
1468184.35	236242.58	119034.49	129832.16	42472.83
1477664.35	238690.96	119686.21	134280.83	42531.05
1514623.96	235395.26	123634.6	134907.31	42781.24
1530735.18	236924.48	125473.06	130379.2	42514.33
1493843.35	235401.17	124799.24	124251.51	42352.71
1451685.93	236378.63	126552.22	124652.61	42161.13
1433454.71	239599.37	125669.04	124419.56	41838.32
1444655.44	238268.22	128614.74	127552.58	41682.25
1445270.26	241382.69	129606.16	127814.61	41439.9
1428665.81	243001.02	131936.64	126773.02	41462.92
1444789.47	245935.55	133434.81	128386.75	41400.77
1456782.09	253267.32	137149.02	127202.68	41701.38
1482883.26	253931.13	140234.48	123193.81	41764.77
1446085.64	250041.69	136856.31	126366.45	41714.99
1447868.84	242772.67	134898.81	127127.89	41975.55
1404092.48	235227.98	134092.27	127474.3	42149.46
1377684	234923.37	135237.94	129090.26	42038.68
1382721.21	234989.96	136437.27	127610.95	42095.48
1351550.49	235374.4	131300.11	127763.84	42122.05
1389535.55	233969.47	127016.9	130826.99	41969.45
1393194.1	234129.95	127236.25	130637.85	41698.7
1403903.04	233924.32	129769.04	130240.77	41828.75
1408714.22	236398.14	131912.69	137009.1	41611.15
1403776.74	238778.16	135329.91	134711.33	41444.01
1424923.27	243317.97	140066.53	129145.44	41111.46
1435925.81	232890.77	137091.94	125973.56	41113.81
1430824.66	224235.58	135548.32	122418.76	41490.21
1451453.14	223663.28	134316.41	122802.86	41149.55
1458729.31	223976.05	133390.26	124196.35	41245.16
1479782.16	230629.38	134471.41	126313.75	41583.17
1472875.44	243070.48	134780.75	129409.2	41594.34
1474900.66	248108.33	135351.32	132107	41913.19
1540536.09	247677.8	135184.6	131675.7	41666.12
1557511.58	241675.68	133937.56	131397.66	42046.41
1493734.43	237648.75	130813.24	133280.32	42025.92
1489785.84	231551.76	128766.15	133330.92	42145.5
1508152.5	241491.67	128321.11	131662.04	42309.11
1523715.44	249661.49	128488.85	131739.49	42453.67
1516333.98	244358.46	126312.67	134560.72	42394.65
1504042.31	234798.23	127608.75	135249.74	42085.3
1484786.94	233543.24	127937.63	135731.91	42083.12
1463765.39	237068.19	128272.15	128072.13	42236.59
1451389.38	234286.88	128349.51	127754.11	42089.75
1485163.39	234840.54	128602.74	130107.42	41869.55
1532410.79	232376.22	130278.8	131639.23	41844.37
1509614.58	228853.75	130806.83	130383.71	41727.63
1503791.46	226588.8	131103.58	125657.34	41666.41
1549168.81	224613.78	131905.37	125923.31	41274.59
1584407.71	224205.87	132846.38	121209.61	41467.69
1545539.75	228112.55	134137.57	123871.87	41257.52
1475358.64	235432.98	138274.84	125191.23	41310.2
1450286.41	229314.49	141943.26	127170.49	41408.13
1425866.18	220623.4	140730.16	127801.3	41273.4
1397728.63	217015.77	138175.49	127757.65	41164.5
1410142.84	219457.18	134937.82	128099.22	41660.31
1412843.62	223818.99	131863.75	128263.84	41593.88
1437253.19	231294.15	129242.63	128512.3	41544
1460875.45	233156.21	126242.27	131451.83	41721.76
1511910.21	230519.82	125496.26	135402.09	41655.5
1555977.43	224353.41	125173.16	131140.46	41522.53
1544033	226055.93	126793.27	129639.19	41458.29
1516183.37	229643.28	125499.64	126281.56	41170.8
1485383.1	232913.25	126375.96	126639.69	40603.02
1506936.87	238643.59	127432.96	127205.01	40600.51
1518321.84	240770.8	127871.6	127191.21	40650.05
1522502.69	243785.72	128763.53	128456.96	40948.75
1542490.19	244598.55	131060.94	130596.46	41459.92
1534358.86	248239.11	130070.43	129132.64	41695.58
1568892.31	248556.3	131232.69	129469.84	41471.91
1578787.74	249192.19	131431.09	127069.27	41426.04
1562724.67	251462.64	132269.07	126326.67	41690.23
1537434.81	255066.02	131630.53	124954.06	42111.69
1501866.97	257814.12	132917.54	126271.12	41748.8
1532120.03	260141.21	132772.93	124162	41692.77
1499850.09	250659.56	132794.57	122493.23	41995.15
1522536.66	237488.31	132359.65	123478.66	41786.93
1521021.92	234698.47	132534.64	126583.56	42115.82
1522429.21	234167.6	132363.76	128084.68	42247.58
1557972.72	234256.21	131763.12	128696.68	42060.33
1560365.76	238033.59	132296.72	133382.42	42494.57
1575993.6	237661.65	132321.82	131385.49	42188.7
1571555.18	239809.29	131950.4	132233.66	42496.2
1555466.92	239904.58	131460.98	133677.49	42428.68
1551872.64	239891.42	133446.53	132537.09	42432.31
1542293.45	240871.05	134119.25	134813.78	42700.52
1499331.29	241678.19	132525.07	139325.49	42575.95
1525291.47	241916.39	132114.67	136514.29	42414.23
1515879.03	239514.34	131666.88	138106.34	42440.45
1491471.41	241699.88	132309.18	136266.9	42566.06
1508625.71	246149.45	133382.38	139711.82	42576.89
1526514.16	241505.51	134704.18	145861.58	42390.22
1504382.33	236968.62	132936.52	144914.75	42521.09
1449253.64	234577.4	132297.07	136117.03	42874.95
1425557.81	235377.23	133008.21	134661.77	42671.86
1430891.17	235430.39	132456.12	131382.55	42223.67
1490064.98	236015.56	133649.78	129600.9	42251.4
1443223.13	239348.98	133077.58	128973.72	42269.68
1466764.53	240645.84	133231.15	130723.3	42196.83
1454421.67	237592.24	133446.85	130088.4	42307.81
1465703.91	233137.16	135926.17	134743.32	42392.54
1452521.97	228114.72	137247.9	129613.1	42467.34
1460418.18	224988.57	138198.67	132560.37	42733.57
1488404.48	227112.61	137948.46	133607.38	42591.2
1516247.23	231612.64	140586.73	130482.96	42528.56
1495031.79	236098.87	144055.61	131504.19	42613.58
1497193.62	242794.41	145191.2	133064.43	42332.35
1516481.41	250955.61	144327.8	133361.76	42754.55
1498848.14	247967.77	141196.43	134797.26	42584.79
1504955.26	245014.89	137052.76	135151.81	42528.64
1519158.44	242906.09	131042.37	135520.09	42774.14
1509066.03	238587.75	129679.51	132569.71	42481.02
1542177.89	238351.17	130227.65	133412.41	42549.66
1560215.99	239573.56	132109.19	133243.72	42564.54
1568966.54	241432.37	134451.57	131376.35	42549.81
1555729.32	247346.67	134030.04	131401.91	42479.13
1561734.43	247341.44	135602.99	130774.41	42440
1591579.78	251598.01	134899.63	131612.76	42057.35
1589648.4	250775.1	134289.69	132038.85	42469.77
1562082.17	247834.84	134359.86	129779.96	42120.83
1600194.85	243190.1	135020.15	126689.25	42406.11
1624882.3	239351.51	135224.42	129025.92	42254.61
1598491.43	240086.18	137045.35	130346.91	42247.57
1535064.39	240380.67	133712.59	133052.25	42520.08
1514331.69	246659.11	129672.61	131034.17	42599.05
1498645.76	242837.13	127948.56	126775.22	42397.32
1511553.7	242306.53	131472.24	127730.66	42377.04
1513645.4	241616.68	140352.44	128807.53	41951.76
1490671.13	241880.79	146453.17	130135.68	42359.91
1473637.45	241066.91	141207.81	130118.27	42200.52
1487821.12	241287.89	134551.38	131656.47	42114.19
1489085.02	242822.9	134376.03	130381.05	42035.69
1537106.28	243618.28	133217.3	125736.28	42105.03
1576242.1	242126.31	131371.89	123938.45	42169.78
1584101	245049.66	129171.08	121311.04	42398.2
1576149.26	242283.91	131010.64	123396.12	41924.24
1584529.89	245912.13	130931.28	124483.83	41994.98
1597656.85	246612.23	131646.87	128532.57	41981.01
1591003	247914.76	128937.57	129524.72	42209.24
1572868.75	249143.95	128886.24	130287.98	42130.26
1567805.21	252467.43	127278.89	131542.36	41736.51
1585272	255924.98	124373.46	133862.33	41869.56
1600029.34	258185.11	124607.21	132709.83	41986.79
1575606.88	255484.4	125983.34	134420.48	42067.72
1563961.66	256279.43	127949.57	133835.02	41908.5
1557759.16	253612.56	129896.98	133891.9	41876.71
1601048.55	255599.31	131484.83	133361.82	42058.72
1593157.6	258344.91	132495.85	134966.22	41966.73
1558891.32	254261.06	134977.21	134179.37	41591.38
1577725.15	245481.89	135382.23	138034.87	41512.94
1538135.47	241653.39	133146.97	135925.64	41672.47
1571780.23	240443.56	134944.35	128803.6	41898.9
1570916.95	235152.22	136204.62	126503.9	41714.21
1592495.42	241497.41	137708.61	124078.68	41738.36
1573995.12	247283.88	139225.74	125256.21	41882.09
1539886.79	248618.98	141826.79	131076.13	42070.26
1526373.96	244503.42	142407.73	133753.94	42224.79
1520086.66	243237.18	140668.2	134649.31	42261.66
1515048.61	244712.67	139591.02	129874.63	42508.1
1502563.99	249171.82	137686.19	128764.1	42480.03
1489972.54	248821.07	135431.69	129606.97	42447.7
1478103.85	243216.24	133753.03	131087.45	42691.32
1495779.44	245697.16	131515.36	128783.26	42540.41
1535923.14	241653.09	131829.24	125137.23	42342.43
1549038.09	241515.47	132033.96	127034.82	42456.07
1518265.49	241811.57	132800.52	127445.25	42445.79
1539257.58	247125.68	133299.9	128769.36	42814.16
1549680.64	247483.3	135306.1	126075.53	42698.76
1576906.34	245293.78	136773.15	129564.02	42469.16
1586875.54	250014.16	138493.94	132328.29	42667.22
1578101.4	255039.83	140491.35	130944.35	42392.04
1571833.13	255809.2	142388.14	136856.3	42582.4
1547807.04	254961.11	144394.62	141830.06	42434.2
1549239.26	259839.16	146392.57	142605.23	42118.32
1549518.29	260420.63	147864.2	139897.31	41931.47
1555222.07	259794.56	147398.98	138279.36	42053.23
1571438.5	259952.52	146695.21	138468.19	42499.85
1589747.08	259957.71	145379.26	136143.08	42809.03
1585498.47	260255.33	145926.56	135432.11	42812.87
1558393.08	264931.45	145892.75	134699.61	42911.12
1570779.76	257179.44	143744.29	134434.87	42815.51
1579480.47	258780.33	142138.14	134522.86	43147.75
1547108.92	256631.91	142734.44	132687.96	42823.84
1517031.18	257052.34	144520.78	132085.78	42379.34
1493468.51	252606.64	139502.05	133671.61	42107.01
1476541.7	250278.45	133269.53	133747.75	41844.25
1463215	245343.5	129502.63	133436.2	41921.33
1453068.84	245405.14	129968.72	130553.23	41915.99
1484558.99	244453.24	131249.77	129932.18	42228.97
1504880.36	244431.12	130079.82	134944.29	42431.99
1495594.11	245228.69	131653.94	135610.33	42446.85
1522061.79	243206.7	133198.93	137472.32	42398.83
1525391.26	246253.98	133133.64	136108.02	42301.43
1547436.94	247650.15	135254.11	134284.35	42461.33
1556980.05	250384.42	136748.46	134921.86	42015.84
1563162.71	249616.73	137643.89	135416.02	42447.73
1556867.76	251585.31	139475.14	135935.4	42391.8
1556857.45	251803.67	139475.14	135935.4	42391.8
1589131.13	248355.76	140552.22	138643.02	42535.92
1565473.85	251193.99	137889.01	137954.5	42279.7
1567773.99	252669.37	139596.95	136051.82	42366.58
1556477.68	253672.97	138426.35	134867.79	42528.71
1545866.38	251447.52	140301.1	137117.76	42680.58
1503509.45	252925.97	141337.97	137375.29	42270.77
1544636.72	255850.22	140093.2	134915.12	42450.09
1521665.46	260742.26	138897.18	132699.5	42320.87
1532093.8	264586.25	139478.57	134101.56	42413.48
1513390.32	264142.04	139500.36	131520.46	42414.02
1509008.68	267145.65	140771.6	133310.15	42601.18
1517514.32	262950.75	141682.82	131461.31	42410.98
1489286.46	253301.95	145077.58	131664.27	42237.4
1496805.01	247743.22	144719.72	134696.64	42226.58
1520199	251498.65	141464.58	137609.82	42051.94
1527050.77	255354.48	139264.39	133579.9	41884.4
1534638.16	252451.49	138381.44	130511.03	41777.92
1520436.74	250431.43	141932.86	130624.68	41510.63
1548294.86	251592.95	141057.87	132623.47	41471.41
1518533.94	250433.42	140519.48	131526.43	41157.89
1534259.11	248872.86	138767.9	131393.09	40942.5
1549872.15	247455.46	141255.07	129940.57	41572.76
1572714.26	246922.89	141512.68	130749.94	41794.11
1585040.68	243801.74	140279.06	129789.22	41873.89
1613503.6	241302.94	142780.93	130590.54	42037.07
1608673.22	243016.89	144240.49	130094.42	42262.61
1581932.82	243460.74	144603.75	129625.86	42109.39
1570766.09	242846.84	144029.33	125535.04	42125.32
1535665.23	243831.59	144273.1	125497.91	42357.4
1513688.88	243124.84	146917.78	127688.09	42623.22
1465785.12	242567.04	149660.55	126251.46	42576.1
1463066.21	247636.85	150339.5	126003.01	42425.6
1501569.35	244109.17	149197.04	127480.87	42092.99
1493309.08	243577.36	145233.56	126338.11	42238.86
1487334.83	246159.31	144231.91	127827.31	42080.03
1470837.88	245003.8	143174.19	129668.54	42196.29
1502127.84	244172.68	142611.92	130264.04	41958.54
1530307.51	241290.43	142312.69	129617.2	41761.03
1516814.94	244354.36	140851.32	129685.94	41556.11
1545172.83	246893.52	140386.96	131387.86	41643.19
1549661.47	245674.32	141482.3	132761.41	41246.59
1565595.47	242271.73	140471.59	132912.84	40757.39
1572548.88	241822.94	139846.67	136322.72	40522.09
1555766.21	242600.76	138022.04	136265.76	40838.72
1542765.55	241776.49	137689.29	138183.42	40860.12
1516151.27	238501.61	139406.49	136470.62	40916.08
1517491.35	243120.34	139034.77	137343.89	41001.98
1483344.55	241960.47	138497.51	134382.24	40898.25
1469505.99	244948.4	139033.07	135901.55	40945.92
1466376.69	243015.18	141861.09	132983.67	41167.83
1449858.41	242755.06	141845.5	130047.16	41387.4
1444351.3	246090.71	137736.56	130549.49	41501.91
1496647.86	249496.52	133525.12	130018.95	41873.79
1528460.04	248410.77	133858.81	131050.65	41704.5
1527544.78	255502.55	134569.5	126840.76	42105.8
1476732.51	261594.06	136651.51	128979.55	42058.94
1482239.93	258388.06	137472.33	128689.73	41915.89
1470808.98	249234.32	137630.36	130925.37	41880.5
1468816.47	242015.87	138736.39	131927.16	42384.13
1464796.83	239068.28	135208.98	135469.83	42261.4
1460546.17	234354.64	134581.68	133336.09	42661.37
1455771.05	232174.36	135083.09	133900.82	42615.44
1481370.22	237864.14	135427.51	132091.8	42443.26
1465755.08	239172.49	135553.69	128853.37	42053.83
1472774.35	241967.07	136928.75	133402.67	41800.99
1471077	243347.43	137617.59	135146.06	41589.58
1440191.9	241185.78	136680.77	139179.36	41679.77
1460758.12	240940.87	138871.13	138463.4	42036.83
1450742.42	240880.74	139305.92	138109.85	41742.39
1481352.18	241268.22	135883.63	134998.89	42141.32
1516314.82	238074.99	135646.01	133450.7	41804.82
1499152.69	242578.63	136344.69	138679.83	41913.53
1486859.2	244649.45	138040.86	138800.03	41385.93
1513325.2	249643.43	139037.76	135896.49	41331.1
1517198.58	247677.52	138498.97	137686.71	41253.62
1512545.68	246744.15	138264.13	133832.44	41437.04
1509009.73	247545.64	137528.16	137780	41590.93
1522529.23	249954.51	136464.36	135802.43	41434.02
1503150.26	251435.92	135412.06	135748.8	41888.31
1478529.12	250133.27	134088.47	135492.02	41890.84
1496940.61	247832.5	131681.66	135399.5	41836.36
1481073.3	244757.58	134110.83	135941.43	42078.7
1481272.74	240969.86	135334.04	134650.59	41960.29
1497755.1	244335.47	135688.3	137360.26	41892.16
1506841.24	250187.39	136661.77	136935.07	42280.1
1483936.26	253676.23	137724.42	137676.73	42150.37
1491602.66	255032.12	138849.57	139507.97	42082.55
1521313.85	257569.46	140366.26	139596.33	41937.93
1501783.76	258025.94	140887.5	139496.06	42068.56
1503673.74	260994.08	143090.59	141655.11	42126.62
1527265.77	260814.03	143299.66	143159.01	42142.57
1565611.17	258635.49	144899.49	140221.57	42142.2
1568498.22	260395.13	145350.44	141849.47	42192.27
1592090.14	258635.06	147456.94	144408.8	42266.06
1584679.96	263067.42	146444.8	144137.31	42034.61
1591136.75	264673.53	146437.83	140368.81	42114.8
1561024.81	267787.65	143954.96	136180.06	42180.88
1547304.22	269676.34	140933.16	134424.56	42415.93
1552822.57	270274.32	140871.14	132942.03	42358.13
1583747.65	273634.77	140907.63	134912.42	42254.97
1615244.42	272309.2	140621.65	137813.77	42242.44
1618648.45	267753.83	141363.65	139986	42082.44
1578113.63	265747.91	142946.33	139237.83	42374.67
1573830.53	261864.31	141386.7	138716.66	42444.66
1579779.01	255617.49	142578.23	140452.8	42361.36
1532633.41	250506.64	141831.2	144956.99	42125.54
1518931.7	252079.36	142253.38	141204.24	42488.19
1537287.9	257585.21	142441.39	141782.98	42125.84
1574096.25	261361.47	142191.29	139595.07	41946.22
1591287.49	255101.46	142140.17	137379.16	42091.24
1590469.06	248746.44	144129.51	139463.13	41670.05
1594519.66	246684.24	143599.99	137848.86	41871.65
1620259.1	246323.12	142420.24	139943.84	42078.15
1589162.39	243553.25	142676.63	142815.1	42139.24
1581156.27	241312.01	142354.48	139951.44	41961.74
1569651.96	243707.93	142000.97	137290.29	42023.84
1563105.93	244361.14	142112.29	138208.94	42036.55
1561635.91	248721.24	145366.77	136333.56	42121.26
1588713.4	247691.49	147327.02	134237.23	42027.79
1590841.8	249871.53	148027.96	135116.26	41953.98
1596562.11	253015.78	144536.59	136508.58	42260.51
1589548.77	252744.93	142351.35	136321.12	42438.67
1549547.1	255473.65	142855.16	135469.61	42665.44
1571915.67	257351.9	143010.05	138937.21	42624.78
1553449.85	258848.38	144585.91	138879.58	42492.12
1573167.81	257441.86	145977.14	139407.68	42632.44
1579453.03	261772.1	148601.47	143031.62	42249.05
1569686.44	262486.77	145673.42	141837.36	42276.06
1581270.96	262770.13	143869.6	145311.9	42050.96
1608598.35	264545.47	139662.68	144530.09	41861.95
1623193.85	266635.89	139400.89	145681.79	41476
1667678.86	268184.36	142355.29	143235.9	41534.61
1687446.51	262460.01	142317.42	143739.72	41568.82
1690807.11	262566.97	146548.64	143720.44	41425.72
1629379.84	259734.62	146779.69	147242.3	41460.11
1640259.63	257838.86	145400.57	142479.1	41473.5
1569533.82	259436.79	144686.45	139249.15	41557.49
1541737.86	266565.32	141240.62	139697.92	41419.87
1529810.83	269945.34	141361.95	137496.5	41403.58
1541984.06	272557.02	144531.23	138189.06	41533.31
1545108.83	272409.41	144270.77	139600.18	41401.68
1536313.68	269526.59	144300.93	142005.57	41330.88
1566362.97	263858.14	146115.21	138451.07	41481.83
1557277.78	265663.64	148951.95	135351.8	41564.14
1558524.84	262491.73	149166.86	132510.96	41653.07
1586710.65	262104.52	148728.75	131505.01	41722.58
1583393.73	259351.26	147341.75	133361.04	41950.21
1598514.65	256543.13	146714.94	134408.34	41909.42
1572897.34	259541.65	147461.46	133682.58	41356.11
1594960.14	260750.52	148957.81	136711.2	41685.11
1583744.71	261244.28	146073.52	138478.98	41546.24
1573219.38	263547.01	142616.29	135284.16	41684.12
1560280.99	272785.51	143818.4	136435.66	41255.81
1578443.43	279377.71	142621.66	141955.05	41806.4
1587666.36	272105.58	140633.57	140074.61	41842.73
1600052.89	261942.93	140521.23	137049.67	41894.45
1593150.14	258230.1	142503.57	137029.82	42063.04
1573491.14	261664.36	142940.06	138563.75	42086.94
1602426.32	257800.94	141472.43	140458.08	42329.73
1639970.99	257656.74	139943.61	141484.9	42448.53
1687178.01	259509.48	137840.05	141325.29	42421.56
1679821.23	264956.58	139354.11	139672.29	42587.34
1658594.75	273004.16	139700.48	142288.43	42886.37
1614794.4	276145.38	142366.24	146285.45	42890.74
1596123.26	272849.15	143000.76	147967.99	42838.16
1591759.59	272969.1	145338.83	143922.55	42924.57
1588939.57	269659.66	148870.18	142731.38	42976.04
1605547.23	272224.95	146716.26	142018.09	43510.99
1623815.7	264021.58	145427.16	142037.55	43743.14
1643252.88	263737.08	144081.9	139463.16	43961.67
1659588.97	257526.6	145331.38	140549.46	44142.85
1638888.74	255512.45	148982.78	141376.86	44352.52
1632477.03	260163.43	150266.4	143224.82	44382.15
1645815.02	261848.46	148391.3	141454.88	44080.07
1667930.84	267334.11	146380.74	141945.84	43348.96
1667305.72	262760.35	147270.66	142083.9	43754.39
1687132.74	265253.95	147650.83	141546.51	44095.32
1670413.29	266768.44	147552.78	143854.05	43884.78
1643074.99	270756.02	147998.92	145743.91	43782.31
1626805.43	268775.76	147164.22	146031.33	43519.19
1592542.23	267606.71	147097.42	147614.89	43159.78
1598127.79	276634.8	144855.72	147794.05	43018.16
1613341.24	283414.01	143320.04	144950.02	42813.67
1660248.28	274841.89	141585.12	143171.9	42993.06
1658899.92	265436.13	140461.64	142739.69	42834.07
1599076.75	263345.29	139331.23	141783.14	42821.24
1600282.37	258806.11	139759.68	139049.39	42494.98
1593458.23	255959.03	142432.74	140809.64	42219.37
1570629.57	259387.43	149811.76	142390.88	42490.23
1592783.9	264192.83	151804.95	142696.48	42627.57
1600633.89	265963.68	149784.68	140668.56	42469.33
1574728.35	273014.29	143388.72	140899.66	42263.81
1606585.53	282533.88	141771.3	143642.82	42409.86
1612723.94	290096.1	140551.62	140916.77	42326.08
1603879.14	300476.08	144503.81	141961.01	42507.74
1615794.15	313153.95	149498.76	144630.6	41980.84
1619647.26	292141.35	149447.97	141290.23	42141.2
1589011.48	277144.14	146366.4	144691.81	41950.34
1611681.2	269609.09	145896.67	146366.1	42208.5
1595470.34	267843.72	148634.82	145099.27	41893.11
1585306.39	263464.14	149481.79	148988.15	42173.87
1596561.46	259839.69	150469.65	147781.2	41984.06
1596545.59	266849.33	153196.29	150144.02	41570.88
1562652.82	269591.44	155832	149920.06	41595.71
1582896.3	273343.31	154620.11	140259.11	40996.21
1574767.07	278284.03	155744.07	140073.36	40384.64
1624614.93	272150.44	153226.34	140572.63	40528.52
1618955.01	274098.99	148565.84	143698.27	40010.58
1662513.13	277648.14	143565.08	146473	39942.6
1711895.05	278492.11	140039.47	143909.71	40597.41
1736990.56	278660.47	138952.19	144360.12	40816.3
1733076.23	276713.82	140889.85	145299.3	41088.66
1712705.79	272143.99	143417.34	144572.49	41343.96
1694830.95	267061.82	144590.87	143759.88	41775.44
1727608.13	268516.41	145466.6	144664.23	41853.25
1747528.08	268691.14	146508.36	149127.44	41843.39
1720445.78	270596.79	148161.1	148672.9	41971.58
1707325.08	270457.95	147395.79	146377.69	42363.56
1687167.96	269128.76	145996.15	146010.23	42277.63
1624377.15	274482.66	147999.7	148306.82	42130.99
1599145.33	279110.82	147994.81	151506.52	42238.35
1580071.77	277290.15	147852.5	154778.57	42120.21
1559756.4	282995.82	149368.31	157341.65	42163.88
1592615.43	289205.09	148051.66	158278.42	42329.51
1641706.66	303626.86	147476.07	156797.98	42296.37
1671550.72	300166.14	143815.39	152350.96	42025.35
1685674.24	289177.44	143870.5	152819.59	42204.55
1713551.29	279067.16	142094.46	147846.37	42205.29
1706967.69	275499.13	143758.43	149985.07	42040.84
1706765.15	277739.35	144587.89	148919.46	42415.12
1695688.43	271807.4	144927.65	149341.45	42222.32
1684142.57	267030.87	148112.92	152469.37	42058.76
1694735.87	262576.67	150416.22	156119.09	42195.98
1670048.37	257635.28	151442.35	152469.37	42270.83
1686858.97	252475.41	156199.74	147839.9	42088.59
1669088.6	253520.42	156537.05	142905.27	42205.54
1671291.36	256090.86	158868.47	144856.6	41982.5
1655660.69	260310.41	159495.41	149439.18	42376.18
1667588.16	263762.97	152545.73	155463.55	42361.52
1662964.95	263570.85	145426.52	153596.22	41999.9
1682216.15	260751.65	143210.12	148873	42160.76
1674850.22	259423.59	143247.71	149143.07	42234.03
1695762.53	258040.22	144646.25	147948.13	42327.01
1694277.7	261576.83	145710.53	146030.22	42462.07
1680573.14	267935.37	145311.41	142646.46	42617.96
1708105.29	280674.71	145233.5	145149.47	42343.35
1683227.18	287974.07	142096.97	147117.53	42540.88
1688878.65	290949.9	140329.04	147260.56	42458.66
1678900	289023	144918.31	151592.04	42657.82
1692332.3	283620.44	147208.59	151638.64	42319.09
1672145.82	273141.71	151505.05	151698.64	42647.15
1680335.07	264758.65	152666.34	147699.02	42752.71
1677655.4	267212.63	153838.16	149507.03	42492.38
1682706.87	270493.25	156922.09	148801.37	42514.04
1642240.84	273479.2	160056.71	146116.55	42759.13
1667608.87	275986.98	161077.05	142027.87	42629.37
1635693.54	269422.34	159884.51	141746.88	42621.02
1685518.54	272584.51	159362.61	142082.92	42744.98
1710487.1	272923.7	158606.76	136973.6	42515.69
1749094.33	272887.94	158299.55	139914.7	42474.72
1785354.66	271323.2	158011.23	145267.04	42765.85
1838000.23	273933.78	158698.64	148207.49	43109.12
1789374.11	273448.21	155331.14	149404.9	43041.82
1717484.17	271910.72	155457.48	151991.18	42813.49
1660317.42	276012.5	153041.83	154599	42834.52
1662143.73	275324.65	151358.53	158364.42	42450.67
1716648.44	277913.28	151782.14	160970.85	42563.01
1773603.56	278796.85	151525.04	151909.25	42702.43
1777083.77	275179.19	150923.04	150346.61	42908.73
1735044.86	274070.05	152023.98	146003.48	42744.82
1682527.66	276912.95	152358.28	144190.57	42800.01
1671295.63	280753.58	153727.13	144669.72	42784.34
1643716.23	283202.68	152345.29	145708.89	43434
1613265.18	279284.52	152536.98	144001.95	43840.84
1612538.53	275798.82	154561.48	143501.21	43958.43
1604173.18	280719.03	157828.85	145911.32	44045.85
1628458.81	281620.24	163570.45	146825.3	43675.31
1635326.15	280381.91	164722.91	146053.67	42937.21
1642892.91	280592.43	162443.19	148896.98	42385.67
1668996.25	281807.59	160575.1	151446.45	42401.88
1698340.8	281150.3	155625.24	147530.67	42597.16
1697503.15	281540.65	155544.68	145935.28	42636.33
1760439.8	281108.36	153057.62	144940.44	42599.55
1791155.09	278542.19	150212.51	141189.22	42675.44
1769436.35	273949.23	148626.69	140102.33	43081.08
1736494.1	274864.61	150588.74	143116.97	42919.99
1727018.79	279155.08	151092.61	142895.54	42782.41
1730855.57	273811.1	152019.37	143680.24	42772.29
1697070.19	274093.25	152447.73	144344.64	42821.89
1677919.55	278974.9	151846.04	144134.78	42827.42
1706930.89	278951.39	152770.87	144463.33	43187.68
1745934.58	279360.91	153552.19	144202.27	42652.65
1753812.52	280117.48	153679.47	144937.06	42505.74
1745400.69	281369.79	154965.09	148549.77	42734.21
1744193.18	279918.05	155643.74	145142.17	42873.93
1735585.69	284676.38	156659.18	144872.76	42714.86
1741070.99	285465.04	154925.79	145542.47	42865.77
1751099.19	285894.44	156013.85	150119.06	42944.29
1739693.22	283372.01	154851.95	149464.33	43050.61
1739186.13	281175.9	155117.46	149464.33	43050.62
1743977.74	277616.55	154400.21	149750.86	42413.21
1754403.14	276563.86	153327.44	150276.95	43013.52
1727835.24	277831.57	157413.31	150357.9	42412.66
1693896.95	276417.47	159408.31	150716.09	42734.4
1698323.45	277049.5	160860.96	148560.39	42229.13
1685994.48	278830.14	158692.32	149728.69	42842.51
1648211.86	280395.58	158785.49	148521.65	42839.27
1686595.73	280645.01	156500.59	146572.1	44264.29
1718048.19	279800.1	156405.47	144422.08	44642.31
1726479.58	279975.21	155063.7	146153.33	44243.7
1729245.27	280771.54	155298.29	149111.61	43564.02
1739144.43	282846.76	155972.03	147424.79	43106.12
1733941.1	280641.87	156683.13	147426.42	43291.47
1722519.09	284304.33	156650.46	144656.82	44363.7
1719300.07	282943.37	156555.33	145796.91	45359.84
1746188.52	281615.22	155499.67	143045.48	46448.19
1713047.91	279467.19	158627.56	144462.87	48132.99
1678668.44	278746.84	159121.1	146861.12	47665.36
1654867.11	275571.27	158215.03	145738.48	45509.57
1668401.01	272838.31	160379.47	149007.98	43623.49
1660067.95	266569.7	159079.13	150645.23	43429.56
1666728.99	260056.12	161725.9	149231.83	42903.33
1666339.09	262158.6	160946.92	149054.47	41985.56
1712674.53	270763.5	161208.18	146980.36	41267.81
1702353.42	271828.43	162157.32	150647.97	40533.7
1703238.7	271162.09	163819.33	146317.65	40248.91
1722295.18	270611.71	161561.1	146543.5	40002.66
1724588.35	269338.53	159632.35	146008.03	39802.41
1730850.79	270169.5	159417.16	148132.88	39965.49
1765919.35	269683.77	158142.67	150259.02	40679.43
1733458.84	270257.85	153323.25	148160.55	40928.87
1734472.57	268627.87	153302.65	151724.06	40659.8
1754314.92	271837.4	150077.53	151293.27	40367.03
1756907.58	274745.95	146521.86	146279.37	40796.37
1741120.14	274017.42	142855.65	145677.72	41719.62
1735715	274315.5	141342.68	141785.59	42193.35
1727215.45	277379.74	141451.29	144469.63	43408.96
1731842.96	275135.04	140162.74	146341.89	43875.29
1708677.27	273037.32	140025.48	150001.68	43223.88
1707667.45	270041.72	139419.51	148743.05	41951.49
1686492.25	275874.46	142100.03	147011.78	43053.98
1694829.31	274380.17	143815.45	149233.42	42947.5
1684580.84	271223.23	143031.97	146628	43472.59
1667852.23	277929.12	145117.8	147928.41	43419.19
1689140.86	276665.35	144420.23	145084.99	43360.34
1712291.48	275365.23	146240.86	141390.6	43830.5
1712334.99	272028.71	151669.41	140981.28	43636.69
1736170.78	272833.03	152894.96	138194.2	42704.97
1711499.14	269422.14	150461.6	139587.45	42749.15
1694041.28	269314.37	147884.12	144064.88	42704.45
1677547.23	265779.15	145921.95	142455.39	43016.1
1664048.74	267882.58	148222.56	143057.47	43154.28
1647652.31	267825.59	148703.25	144315.19	42788.25
1683720.23	265237.34	148706.58	144279.06	43091.88
1718084.15	270102.52	146837.93	142379.78	43151.75
1724822.14	274487.79	146720.99	140359.16	43366.66
1707271.98	269699.48	146767.35	146194.87	43010.46
1698737.77	269591.19	147363.47	149602.04	43009.26
1649834.18	269242.72	145621.42	145106.76	42506.94
1669380.73	268565.58	146549.2	145516.54	42343.26
1707468.33	270491.75	145911.51	144327.96	41704.96
1692816.13	276109.83	144509.95	142753.09	41889.04
1700845.5	272798.32	143160.66	143682.5	41476.45
1711016.36	273985.92	142327.39	147123.47	41640
1751303.22	275456.82	138599.42	146877.65	41464.83
1768277.81	276763.94	142488.59	144428.16	42189.36
1758788.47	275670.89	146874.93	141653.13	42090.26
1698222.83	278596.84	146457.13	139740.84	42275.51
1697061.78	285953.25	145095.06	138130.94	42200.42
1719154.61	282634.69	146699.35	141729.64	42759.99
1723185.09	282994.33	149094.49	142066.16	42886.12
1717293.15	278369.16	148049.78	138472.72	42424.52
1716703.02	275190.25	144423.27	143504.28	43599.66
1687887.84	272936.11	146158.61	146341.49	43103.04
1683611.46	269925.3	145389.52	144660.11	43611.53
1671959.26	271072.07	149362.27	145474.08	43495.21
1681155.23	270121.75	150572.03	149712.02	42809.53
1686875.87	270264.33	155479.31	150782.67	43418.79
1686480.53	270545.86	156941.11	148939.16	42927.84
1712229.69	277165.57	163103.69	151450.84	42768.87
1734799.51	279521.52	163030.61	148489.32	42884.66
1762389.87	276717.36	162027.54	150328.18	43025.61
1797663.64	274832.6	160022.19	145593.24	43038.66
1850624.52	278026.03	160850.17	146456.81	42941.78
1867913.19	275708.72	160739.38	148779.55	43904.74
1840375.2	279348.29	156902.07	150247.15	43222.79
1837690.66	280490.28	156694.21	148220.28	43324.52
1807671.58	283489.74	156481.08	150933.33	43591.17
1785283.67	288881.11	155971.58	150689.4	43014.56
1776282.17	290631.81	155915.82	148113.4	43416.33
1774499.33	291629.45	156525.87	149192.43	42876.99
1784970.36	294238.04	157593.65	150800.09	43419.22
1768596.06	295151.37	162410.15	153395.63	43858.79
1771216.61	304155.95	161580.27	152262.35	43125.58
1760474.81	292542.14	159949.24	148154.36	43172.99
1756180.07	281285.03	157914.52	148566.18	43015.19
1778977.5	277750.49	158829.75	148011.13	43396.44
1779363.29	269436.56	157648.59	146155.45	43068.51
1806807.75	262244.53	161258.97	145216.48	43127.16
1817960.32	256797.83	162780.43	146457.28	42829.39
1845677.05	258610.84	163264.14	144969.55	43004.67
1837419.71	258540.2	165261.9	146792.06	42668.29
1859900.63	259962.75	167157.3	150567.91	42570.11
1838699.54	263519.41	164506.72	147075.55	42791.12
1831964.3	270000.39	163422.04	152454.67	42617.52
1810382	275857.41	162398.47	151817	42938.77
1785415.43	276561.42	160378.47	151651.39	43404.93
1805950.84	279329.26	160443.2	154778.28	44175.06
1784479.04	279703.91	163836.45	157751.65	44173.5
1786545.85	276448.62	164327.82	158168.02	44318.32
1788229.82	281009.43	164954.76	161579.08	44968.21
1741769.83	282824.25	164366.7	162481.53	45791.79
1781586.12	283634.63	162259.3	161725.88	47164.42
1779639.3	278942.2	160096.6	159523.35	47837.56
1786138.37	283962.22	161713.66	155116.46	46749.87
1780275.83	287200.23	159779.07	156885.46	45500.82
1793519.53	290718.59	162449.28	153902	45325.26
1763720.44	301011.7	166344.8	150168.27	44314
1764105.1	299802.16	167105.84	148164.05	44266.36
1789763.52	282009.16	158915.04	148223.43	44106.39
1784985.34	263824.34	158416.85	147374.06	44827.44
1762407.03	257511.15	157289.44	146925.73	44158
1749489.75	257074.11	156975.71	148799.95	45630.52
1761059.3	258433.65	155763.81	148085.95	45102.55
1763442.06	267470.67	155967.04	147525.41	44599.09
1759773.35	269027.88	154003.61	149436.75	44217.26
1780820.2	272777.07	153362.71	149520.51	44435.68
1761687.89	271423.56	154393.14	149730.55	45106.44
1804614.48	280382.42	153448.22	149486.76	45194.58
1862503.5	288336.31	154663.46	157954.19	45271.41
1791723.77	299414.57	154060.93	155492.9	45771.86
1740238.36	300761.98	154944.11	154082.62	45438.6
1708157.46	305260.45	153096.4	153383.4	43797.45
1716888.46	299767.64	155313.71	152766.44	43149.8
1750842.97	299784.86	157475.5	150372.5	42759.04
1815266.89	297530.53	160360.22	151020.41	41373.7
1815553.41	298355.01	160508.41	150800.54	42005.01
1805195.74	298009.1	161604.78	153958.24	42313.34
1755072.86	298814.48	162855.48	152320.83	42853.41
1714172.47	299783.61	165758.96	154147.8	43342.25
1704321.07	296280.37	167658.77	150666.81	43688.12
1729495.72	295592.92	165250.39	149522.27	44599.55
1749415.62	297144.82	165489.49	151823.31	44966.86
1700957.13	298156.02	165180.17	151534.36	46059.4
1696440.75	300764.86	168366.53	155021.12	46564.44
1748486.64	311134.98	165018.34	154107.65	47300.17
1784576.82	316677.28	157799.69	152040.69	47167.17
1777664.65	326953.99	157692.94	154700.24	46580.5
1759743.81	332795.15	157060.93	156946.03	44971.63
1738304.18	321119.34	157601.12	159695.73	43810.52
1740987.49	308196.14	157545.39	161110.34	43832.49
1700753.24	302136.25	158092.9	165381.1	44354.83
1721397.64	288028.06	157204.35	164862.75	44653.77
1722722.73	283386.18	159040.71	161458.58	44098.02
1745221.33	283086.36	159660.47	157236.67	44079.45
1775010.61	288896.81	159437.37	154825.38	44609.03
1795547.08	287044.34	161425.19	153999.36	44247.66
1745906.68	290962.93	160106.06	155851.1	44476.95
1752996.16	289572.53	158245.44	159702.56	45768.25
1752298.76	292473.48	158308.81	161425.03	47010.28
1760647.43	295857.98	158214.8	157959.21	48657.51
1790286.74	298088.55	159554.72	157532.32	48561.92
1795293.08	298504.46	157176.81	156922.19	48277.81
1815195.57	297470.92	158060.54	158678.85	48321.44
1816174.43	300220.88	158340.1	155348.11	47687.57
1846244.95	296813.99	155377.61	156188.99	45843.31
1832506.65	300324.55	155257.89	156464.48	45281.69
1835285.37	300397.19	160727.76	154000.83	45074.26
1807066.29	306526.38	169222.12	158700.18	45910.23
1766733.01	311604.97	175518.69	155892.92	45813.8
1721963.02	312109.98	174463.78	155450.59	45988.53
1764753.69	309427.83	169069.11	155460.14	45828.44
1799161.29	305851.92	164139.34	152151.11	44920.07
1804090.46	306834.45	165469.75	155146.6	44764.68
1839974.02	312934.85	166990.23	155224.92	46093.37
1869238.77	316293.28	168844.44	155341.51	46862.07
1869315.18	317131.21	168626.14	155243.95	46928.51
1857162.48	316828.8	167544.27	152566.65	47731.14
1895020.97	318289.59	168862.6	154027.37	49039.88
1906066.8	318768.7	168107.7	155661.9	49759.92
1874694.5	310658.8	166700.15	160818.32	47629.27
1855108.45	305554.88	166421.58	164904.04	45940.44
1827019.63	303805.44	166820.13	166816.39	45956.53
1791511.82	307531.86	167721.64	160318.07	45574.43
1814832.82	302219.58	165473.52	160489.61	45146.43
1793793.45	297117.11	162231.4	159722.23	44949.69
1799938.26	291582.09	159848.42	154391.54	45237.06
1784180.08	300204.41	164719.78	157705.16	45443.82
1795938.1	304431.43	167587.39	157281.84	45406.37
1777737.95	308037.64	169099.24	156884.84	46664.34
1838180.14	303203.67	165155.86	155957.33	46789.05
1868119.92	300477.62	157704.43	157393.6	47377.21
1839819.04	303146.21	160021.67	160438.9	47911.25
1815632.51	305943.05	161234.83	162047.72	47437.37
1803820.36	311749.59	163048.24	161253.61	47849.5
1827002.09	311239.52	164608.14	162511.56	46905.05
1852248.63	305543.23	166528.5	162690.84	47124.93
1873147.54	303347.57	168450.93	164106.87	48025.02
1891989.43	304012.52	170230.89	162780.99	46684.19
1889962.52	303283.83	170783.77	162848.74	46656.15
1875820.38	300358	168840.16	155547.81	46347.79
1909272.8	301582.33	167474.87	157946.64	46374.24
1879038.61	302783.52	168925.02	157108.71	45869.04
1888190.97	308392.53	168690.5	155192.8	46824.51
1957520.08	307974.96	167989.35	155264.62	45836.82
2020728.03	305832.8	168277.33	156424.81	44447.71
2031453.45	304949.06	168022.32	155607.9	43572.75
2009256.42	307014.63	172096.64	159049.9	43387.48
1948593.79	307172.89	169771.35	162141.93	43044.01
1894803.13	305121.32	166964.18	158273.54	43039.83
1806273.97	307146.11	169745.16	165320.26	43932.49
1774479.28	304267.28	171803.58	165515.29	44351.42
1780708.72	304602.78	177430.99	164139.07	45265.55
1779898.98	308242.34	179844.27	163060.09	46071.67
1803660.79	311287.15	177185.34	167762.51	46189.99
1841112.17	315547.6	175917.25	169212.92	46679.95
1884374.68	314336.96	176435.08	170998.87	47135.69
1883806.57	316996.39	171047.32	165284.2	47178.76
1898766.15	321408.17	165050.77	161968.65	47592.48
1910038.99	318646.47	165014.89	158423.73	47448.82
1899976.39	309799.46	166656.4	160894.12	47222.11
1896219.44	309989.85	173739.4	159476.21	47075
1894809.7	303554.51	176215.99	161377.61	46756.23
1917324.96	304889.63	174904.27	161649.91	46257
1946962.59	306431.85	172849.68	158517.75	46121.24
1931646.83	303003.37	172926.86	158116.2	46374.2
1910284.42	308018.22	171329.2	162650.5	46181.75
1919605.73	313513.12	168907.3	166585.59	46745.68
1946071.14	311642.05	170447.27	167968.69	47932.61
1970251.17	312047.54	172308.38	164620.74	47169.51
1922639.08	311300.91	172725.48	164719.14	47407.94
1921792.26	313444.42	174957.07	166901.23	47446.37
1892248.15	316142.35	173502.22	167115.16	47383.22
1867220.94	316204.75	173472.4	164876.85	47354.36
1865717.2	316727.12	173148.52	159347.35	47414.91
1883063.39	318386.09	172591.8	161348.81	47640.08
1891869.43	321167.71	171008.8	161543.11	47106.19
1965595.29	320147.56	174597.03	155028.46	46621.26
2024587.42	313440.32	175852.42	154090.18	45774.12
1999227.19	314304.05	173672.25	152655.09	45357.29
1938539.66	309668.09	173100.04	155420.64	45143.61
1886739.18	312410.12	175032.77	158979.33	44877
1896982.73	307884.94	175253.32	165303.76	45087.18
1917380.31	311658.2	174891.3	167695.73	46130.28
1939281.75	311461.82	173174.43	173020.2	48419.77
1915917.9	309496.27	175661.22	171421.21	49445.09
1881473.03	307472.35	172270.83	171042.48	48713.26
1885538.54	309067.4	174953.48	171490.48	46389.71
1870919.87	310278.58	175842.11	173220.45	46049.2
1910539.7	315792.92	176292.56	173197.37	47177.58
1928681.24	322167.46	174583.03	172782.24	47798.54
1959507.11	324871.18	176013.92	168484.51	48554.87
1971032.85	321472.07	176016.65	166392.16	48509.46
1971420.94	318066.04	176399.51	167775.66	48578.19
1957239.96	312084.67	176918.78	167840.93	48548.07
1914941.12	310193.59	174170.13	168420.23	48133.2
1887058.32	308505.06	173130.58	165800.02	47233.15
1892205.68	307220.81	171154.37	166932.65	47270.73
1896062.77	304512.59	169513.06	167618.77	48568.98
1907686.98	311351.19	167242.07	165436.57	49094.74
1938514.62	316186.04	169818.19	166202.36	47547.29
1948871.69	316689.76	169556.73	167229.05	45425.45
1952361.27	317148.23	172743.91	164171.16	46131.98
1986100.04	318984.86	173872.65	167437.76	47127.23
2012941.08	316744.92	177441.76	172449.55	47528.34
2021129.67	314119.71	178235.06	171690.59	46341.62
2001106.07	309901.79	179456.88	171590.36	46427.75
1990436.84	307442.61	176777.49	173201.92	46522.94
1958028.67	304097.75	178058.79	173311.49	46784.97
1943811.47	305868.14	180467.89	172847.69	47077.64
1966305.7	303532.05	182043.87	169734.05	46368.75
1944540.37	306952.93	183301.88	168690.37	46160.86
1987181.61	310959.77	180494.11	166988.03	46742.7
1997245.41	316427.22	177479.01	166592.62	48432.34
1961433.23	325625	178569.54	165299.82	49461.43
1971126.41	332094.16	180159.43	167295	49421.35
2012725.12	328722.01	179660.27	170611.7	48892.47
2050652.77	321739.3	179094.57	169823.08	48527.24
2076565.53	318421.7	180217.25	170987.22	47110.52
2076929.53	317248.95	179897.16	173638.48	46962.36
2035659.14	318806.08	176749.05	172900.74	46742.31
1998724.28	320674.87	180129.13	174370.01	46912.52
1959132.07	322338.76	181093.27	169726	46918.63
1893679	327780.94	183689.14	162204.57	47425.5
1934619.8	331886.04	182182.23	156793.89	47502.04
1977999.96	329998.05	179299.88	155231.5	47117.73
1986459.06	318973.62	177342.98	158283.64	47735.28
1947705.35	311883.45	175835.36	160448	48003.9
1959749.28	307177.15	173983.29	160569.09	48400.09
1952977.91	310997.48	173364.13	161602.36	48041.42
1963184.92	313704.74	174757.71	166508.81	48471.2
1980710.67	315863.52	174066.75	169121.13	48802.32
1991094.33	318035.64	174930.45	171556.06	49502.41
2022985.01	322116.51	175851.54	173963.58	50329.76
2041740.59	327201.18	179659.72	172541.36	49857.82
2016628.6	329812.44	179103.36	172956.51	49511.99
2041981.07	333720.04	180732.37	174308.57	49509.24
2036807.6	332108.65	181705.73	174467.27	49638.5
2058988.42	338026.28	180873.68	171771.88	49813.77
2058922.8	339143.55	180873.68	174924.95	49851.34
2037205.27	342838.21	181058.99	175370.22	49459.34
2043733.17	344306.85	181271.55	178923.66	49567.07
2057657.61	343939.05	181369.87	177325.47	49611.82
2082923.66	345600.13	182086.24	175916.33	50175.81
2058796.62	342872.05	182562.33	172133.81	50150.63
2087935.54	345181.29	178261.91	173400.35	50341.73
2068649.86	340698.78	179654.9	176205.99	51005.98
2054433.66	344083.16	180190.14	177281.14	51224.27
2050000.58	343320.69	178164.72	175100.45	51199.51
2038816.46	342828.26	179056.44	176593.23	50832.95
2026828.25	347690.34	180297.38	177953.24	50674.46
2034575.6	346691.42	180535.45	176809.08	50912.69
2019793.87	347868.99	181413.77	175372.71	50737.68
1996178.35	350390.08	178425.88	175479.25	50002.04
2024029.7	351007.41	179682.41	169242.72	50497.72
2019602.39	351487.45	180522.98	165777.77	49361.8
2030021.3	347711.85	180388.11	162336.91	49550.7
2060680.8	350729.97	181185.76	156412.71	50394.26
2011463.27	348675.87	181911.29	159112.23	50975.07
2020291.42	347890.01	178363.26	166599.5	49857.59
2023128.45	350458.36	179800.77	171424.04	48782.42
2050184.86	357695.77	179132.52	172763.92	49357.32
2036610.08	346198.4	175303.31	177904.39	49211.2
2065318.68	336252.93	173670.94	175611.49	48186.19
2120329.77	336489.02	171386.41	180661.18	46928.47
2115250.26	338226.14	173492.91	180289.58	46236.9
2073932.95	332321.56	173112.29	176701.93	45821.84
2069436.94	330076.99	174650.13	178544.88	46033.41
2069245.35	331496.64	174452.1	173423.88	46029.54
2083599.85	331136.86	172862.1	174679.89	45595.38
2072339.6	331296.55	172326.34	176465.62	45966.23
2044445.52	334719.92	174292.15	172832.5	46690.96
2035330.21	341440.66	171157.63	173102.27	46852.56
2026175.88	342541.49	169849.47	168979.23	47137.57
2005914.96	342785.92	169091.76	169770.64	47177.15
2012695.55	346252.08	167356.47	171867.63	47509.79
1976523.07	349658.62	161911.27	169293.64	46680.3
1949345.03	342191.91	160052.79	171948.4	46600.17
1897513.01	338552.55	163225.04	175214.76	47035.83
1872923.47	334956.05	169461.18	173449.16	46605.25
1824947.94	335132.71	169048.56	170659.94	46397.72
1856192.46	330568.82	172542.87	170687.63	47024.35
1833099.31	332695.95	171231.52	168604.15	47863.46
1850777.52	329025.51	168867.5	167388.37	49019.3
1898949.78	330347.24	170437.11	164570	49717.96
1924522.25	320350.62	171636.09	165512.91	48637.63
1946212.98	321047.92	169478.92	164744.75	47717.9
1958340.65	320354.14	168682.86	164867.09	48278.26
1957434.17	320746.93	170627.46	162959.04	48717.14
1939236.49	316215.19	169124.08	163911.68	48328.58
1974541.88	317711.35	173192.45	163192.11	48355.59
1948972.7	316500.51	175566.34	165992.46	47950.69
1920565.58	319961.87	177191.85	170309.24	48620.03
1907297.88	319941.45	178119.85	167341.87	48509.15
1955596.12	320765.47	176409.69	168197.72	47648.77
1948117.96	325023.87	175781.45	170273.06	47876.68
1952854.93	328096.3	175491.61	171783.21	46776.59
1968814.95	333057.13	175230.14	168503.62	46771.69
1947986.56	336647.3	173130.02	171693.02	46426.6
1926574.43	343068.1	172260.84	170954.41	45955.51
1933678.36	344773.03	172710.57	168923.93	47081.29
1918849.37	341416.32	177547.15	168176.5	46827.26
1925473.08	335133.23	176770.34	164783.74	47593.71
1961345.29	336145.19	175062.14	166468.04	48084.29
1964027.58	332843.99	172562.87	163729.44	48498.66
1966358.11	333834.68	173246.69	165085.45	48813.5
1991302.85	333287.93	173567.92	164612.13	48960.78
1989442.8	333631.44	175088.4	166987.74	48849.45
2095024.34	334461.11	174179.23	169173.77	47472.66
2089480.6	333459	173492.74	171726.01	47270.71
2092297.92	333261.03	174815.36	172007.53	47720.4
2111150.14	333192.55	176202.74	172830.94	49162.69
2125338.12	332070.16	177047.7	174858.79	49447.87
2074859.43	336625.65	179321.84	167620.28	50239.68
1987224.49	337433.03	178540.91	167911.56	51068.63
2019661.35	340749.71	180132.91	170240.89	51480.37
1975625.14	345453.18	180735.11	166519.99	51205.63
1946870.28	352095.78	182650.73	165973.26	50810.49
1970948.89	343388.29	181644.26	167704.41	50108.04
2008701.75	333741.99	179690.79	168346.44	51206.62
2013855.2	335823.26	182812.76	169158.02	51250.92
2049950.24	340394.41	185394.36	178979.79	53640.96
2050593.09	341333.38	187932.52	181084.61	54638.32
2038970.88	344191.39	183997.3	178518.7	53249.2
2056848.68	349675.05	182716.81	177379.18	52431.59
2067229.62	356811.75	181324.68	175964.27	52367.67
2194188.92	357190.75	183381.13	178781.98	51173.09
2194590.15	353321.58	182170.16	178230.17	51124.39
2270101.02	349302.19	182296.42	182995.74	50672
2359163.56	345388.42	181009.95	185689.3	50826.78
2342086.21	340129.99	183248.03	189964.87	51154.3
2332312.5	337969.27	183078.55	191782.71	50230.09
2293287.56	337401.34	187389.4	190603.66	49909.2
2240241.28	340031.66	185580.58	185009.9	49947.69
2195603.6	341580.65	182564.23	183924.76	49299.83
2169489.97	345108.49	183238.64	178898.48	50204.74
2115461.08	343932.19	187154.1	173938.3	50228.71
2091167.5	347280.65	188333.92	175834.08	51951.59
2086183.79	345282.87	189461.54	184299.58	51725.41
2089558.42	346244.03	194450.46	187606.69	52477.41
2097107.06	350467.21	197475.77	186945.63	53005.96
2116711.9	351826.92	194818.91	188873.25	54042.62
2141227.03	353912.22	191398.12	188105.35	54176.39
2165051.98	354865.79	194902.03	185763.58	53648.8
2108386.59	357782.07	195963.93	187387.6	52321.17
2139946.5	363305.73	196866.29	185881.51	51176.62
2118406.46	374939.9	199011.12	187338.63	50565.13
2097965.86	386532.56	201110.18	186532.21	50336.08
2095599.17	381363.93	202159.78	183177.6	51160.78
2107320.31	366370.45	200746.17	183420.82	50613.43
2106951.07	354223.1	198281.59	177570.69	50877.57
2105547.4	349535.22	195532.32	175864.79	51399.86
2057628.01	349651.23	194220.78	176317.1	51466.26
2040773.03	351251.24	191659.52	177594.64	51902.35
1980010.4	352236.84	191328.55	177715.02	52198.02
1942085.88	350618.05	194558.59	183633.91	53546.29
1877275.79	343592.43	196483.03	183413.89	53841
1897710.22	338125.3	196949.81	177569.38	54498.08
1901796.3	342165.84	197890.82	171062.61	55183.96
1923079	343024.33	197239.81	175283.87	54620.99
1991359.43	336151.69	194989.72	175043.95	54707.23
2035123.76	337044.35	193863.11	170947.45	54957.08
2063423.94	338308	197360.12	171133.78	55363.87
2085929.06	348988.58	196685.08	174876.09	56227.24
2150383.64	348600	202433.58	176741.97	55537.1
2162610.43	348781.36	204571.11	177498.69	56211.26
2180219.28	345050.53	202144.95	186366.15	55993.68
2195712.09	350450.87	194416.8	186084.84	55724.14
2252339.56	355650.4	190719.25	187728.36	54910.06
2247217.59	358856.44	182021.61	184435.63	55052.94
2211964.58	362484.1	178292.67	181271.96	55430.32
2195107.37	360392.91	177192.72	174630.65	54410.99
2197357.76	358228.84	179848.91	176662.25	53867.6
2222396.12	360730.91	184591.27	175899.37	53212.99
2200056.76	357888.52	186906.21	176782.32	51551.44
2204175.69	361311.93	188098.57	180468.36	50735.22
2214525.27	367102.3	189939.85	180088.88	50670.77
2208860.4	366068.82	191840.87	186201.26	51346.18
2219904.38	368988.4	191583.86	188993.77	53582.24
2228606.47	366522.7	193711.66	187056.1	56217.95
2215358.98	367475.99	195004	188757.81	57027.78
2194394.03	368874.43	197366.69	185170.4	56196.65
2193089.16	368477.35	198213.65	182662.52	55863.97
2181551.16	366405.29	202657.09	182093.51	55284.73
2193188.54	366400.81	203437.19	180877.34	55146.79
2157806.04	361945.39	204401.61	181740.86	54859.81
2148094.94	354115.11	200148.87	179279.3	55375
2148366.38	350713.58	196367.74	178637.98	55686.38
2178637.58	354587.98	194149.96	174558	56533.12
2165835.78	348452.33	192535.68	174901.74	55398.12
2164432.02	349637.9	187763.42	177597.09	54234.18
2198595.74	347000.17	189289.9	178026.57	53828.6
2235755.53	357821.54	188224.39	177923.23	54759.01
2237017.83	355740.94	189032.85	180289.95	56400
2179487	354687.86	188070.23	180038.38	57547.69
2190721.8	351407	189497.67	180241.49	56492.02
2233604.6	352964.33	190869.98	179821.3	56193.51
2255895.79	354996.61	190482.27	180572.09	56211.28
2302161.51	354539.55	191699.41	188274.13	56327.94
2274227.49	357844.84	192628.99	186674.55	56060.99
2214083.38	359780.38	197022.07	188318.39	54897.41
2222011.36	366870.77	202432	182552.09	55813.67
2206152.6	385462.07	203807.24	178809.29	57064.75
2167107.75	401158.67	207415.33	180659.89	56209.82
2203775.13	411568.25	205927.86	182556.12	55707.59
2244478.98	398489.89	208980.23	182265.25	57297.13
2266445.75	381364.36	207032.7	183478.55	56933.89
2269964.74	382159.31	199190.29	180574.52	56522.85
2284682.76	385393.86	192016.52	177422.7	55811.06
2290675.08	383981.68	185690.9	178092.16	56477.7
2292998.77	374620.23	190240.18	181936.67	56500.25
2332446	369252.38	191385.41	187451.88	56106.63
2336968.32	362636.05	196666.95	189998.39	55993.21
2378394.87	370905.36	197643.34	190676.63	55783.59
2360962.11	366711.62	200935.29	186457.89	55277.32
2386119.68	366154.21	201423.86	190238.65	56743.86
2270050.92	367482.09	203433.17	185296.42	56003.2
2153743.09	369250.57	201920.87	188211.83	56693.41
2117805.6	371228.65	203013.62	186180.5	56637.29
2140772.72	375131.42	200412.63	183976.13	56495.78
2170883.03	370576.39	199706.85	185150.56	56623.85
2196753.38	372022.42	198226.71	181132.77	57305.83
2222263.34	379843.14	197298.65	176454.35	57879.17
2286735.47	381104.89	197260.37	174649.05	57272.56
2348129.7	387821.36	196392.03	177150.66	58005.95
2436050.25	393893.84	200914.54	178123.09	58940.31
2418541.33	387084.19	207523.11	179733.38	59543.5
2407650.02	375733.92	202095.96	178696.63	58807.55
2348322.75	374606.94	198149.43	178191.25	58975.03
2278937.12	373520.57	198640.97	179382.03	57712.41
2211350.35	367988.09	195551.62	178237.6	57162.17
2162016.82	367039.24	194510.06	177359.05	57482.14
2132983.29	362446.42	196592.07	182273.95	57401.93
2079284.59	359059.26	201230.59	186549.83	57291.12
2126147.36	362424.58	205339.17	187613.8	57233.14
2121694.24	366862.02	204493.52	189417.75	56704.55
2169453.57	366560.22	203456.57	186471.48	56930.38
2236708.53	368376.64	204171.51	185473.29	57164.54
2246331.72	371011.54	196992.86	184702.78	56042.88
2308640.08	377560.23	196295.76	187262.13	55022.55
2318066.45	384856.03	196098.05	185872.04	55464.19
2354233.05	393700.71	198298.63	183444.08	55717.29
2382832.29	401118.56	198921.96	188610.02	55826.85
2433589.38	404399.13	199895.17	184242.98	56083.13
2480291.04	405658.81	202986.33	188356.69	56872.21
2443381.32	410170.45	207476.91	187475.56	57657.17
2393117.19	411768.98	208047.74	190999.36	57891.7
2388809.36	415008.68	210127.7	193146.56	57667.61
2385341	417447.97	212392.41	193126.87	58286.77
2371024.77	422967.7	208292.95	189749.06	58815.88
2367547.3	424681.11	207347.93	194594.69	59650.84
2454771.69	419034.63	206975.68	192533.78	59922.09
2442630.76	418150.9	207254.61	186796.77	59059.67
2423830.98	411066.05	208017.05	187303.23	57690.58
2398767.61	402064.14	207589.92	187498.08	58510.48
2403932.6	396741.6	209927.9	186990.66	59126.33
2423304.52	387579.37	212235.23	187199.48	60288.31
2382214.06	388044.69	214919.1	187342.97	60664.24
2382835	387699.04	216611.4	191409.43	60736.81
2401848.85	400230.84	218227.75	196563.52	58919.75
2436821.49	406329.96	216553.06	196253.34	56990.1
2450475.21	411992.34	217729.41	188700.82	55781.4
2397948.5	409059.05	210373.14	185378.72	55495.56
2322977.71	406095.02	206774.77	190577.81	55847
2304833.61	398624.95	204106.35	192903.28	56909.93
2270634.27	390897.46	204456.63	181764.57	57952.26
2266506.9	387832.97	200449.32	180733.04	58055.47
2252634.25	386149.53	203171.89	184869.08	57169.23
2267877.19	387383.32	202887.84	179663.81	57963.87
2302318.98	385136.07	203561.25	179705.88	57460.53
2348509.73	395281.11	203486.42	179512.51	57689.63
2318923.51	405744.33	204677.86	180886.37	58831.54
2374014.29	403021.69	206084.58	185345.68	58517.18
2407641.91	405018.05	210185.84	188768.5	58349.3
2433577.47	407920.36	211036.59	190306.51	58701.91
2415096.97	401838.46	203700.43	192500.66	58377.72
2435066.61	397399.42	202793.1	190377.14	59119.23
2493081.39	398335.79	202153.97	194979.79	59136.2
2499048.77	405513.6	207505.28	202167.8	58314.02
2516794.15	416128.13	209435.16	200008.9	57743.65
2569390.39	425802.59	212870.5	200964.55	59098.43
2541514.55	439792.15	216088.51	203332.9	60152.69
2554429.55	440128.67	215120.56	196692.99	60098.58
2568952.04	430292.94	215157.34	194689.18	59662.48
2586093.79	421878.64	215587.08	196251.7	59866.65
2620491.87	412924.01	214707.67	197641.86	58961.48
2621873.61	405901.34	216683.93	199323.75	59869.89
2585680.95	394999.01	215297.92	187116.22	59938.07
2538501.2	393634.39	217323.82	183882.26	60969.72
2490968.37	388178.5	216914.24	181401.49	60719.05
2409778.85	396691.37	214798.09	178084.52	60808.13
2422639.92	397403.17	215713.05	176392.08	60488.79
2425939.15	395761.02	213425.88	182131.17	60720.43
2406823.14	391217.03	213886.95	180630.32	60682.66
2340282.93	388589.79	216085.22	182260.47	60642.73
2344622.61	392692.12	218607.84	181627.64	61881.75
2382161.15	398820.13	214573.56	178768.59	62175
2403792.02	398299.53	216114.36	178442.38	62496.72
2397282.26	401904.11	213821.12	180881.47	63074.83
2365051.56	399242.13	210927.22	185711.7	63668.68
2393050.95	396721.86	211872.38	194234.96	65317.1
2404878.42	401722.55	214814.85	197728.03	64262.72
2429914.63	405389.85	217047.69	194906.86	63891.39
2394114.64	406106.53	221822.98	192137.96	61604.97
2315862.03	415116.43	225117.77	187814.29	59873.91
2396938.73	436310.87	226066.88	190546.5	58865.77
2430840.73	448334.65	224361.6	198201.5	57171.96
2448839.48	434383.58	220999.76	197509.04	55353.7
2444579.16	416670.16	217408.81	198437.85	55664.3
2448177.26	404010.71	216324.16	204888.25	56141.5
2438801.29	386429.06	214654.3	205728.01	55741.36
2450476.8	384168.84	215055.92	198357.78	55906.21
2473401.69	377054.75	212695.68	197402.42	56687.95
2481038.7	377378.29	214990.52	201901.41	56415.02
2541728.83	380755.78	215375.99	205078.02	57031.94
2618554.98	389909.53	220383.92	196136.18	57897.75
2642941.37	394729.93	222504.18	198343.29	58611.87
2594751.19	400646.47	222801.48	201627.8	59347.1
2521899.2	406904.14	219939.1	205949.68	60755.45
2504681.33	408957.27	216870.88	206345.33	61148.54
2470267.98	423162.62	215617.6	208955.46	61058.04
2440115.49	428921.67	213516.82	210216.96	63131.58
2451110.84	417710.24	213510.07	206059.93	63580.39
2456262.72	403823.38	211465.06	205587.64	62832.7
2487136.28	402301.7	210006.94	200539.02	62634.03
2511551.54	403040.1	212762.74	198235.76	62462.87
2493426.26	401381.4	210856.3	196887.93	62936.45
2511764.94	397451.81	210407.51	196840.17	62953.62
2513814.48	402449.33	206995.82	196782.79	62611.77
2526518.63	410110.65	207977.17	198254.4	62926.57
2550881.15	412662.5	207720.94	202644.38	63193.74
2561184.99	417800.59	207551.7	200880.39	63887.12
2546535.58	422265.37	207121.67	209852.05	62842.07
2561949.22	426222.12	208920.71	210256.75	63763.84
2595153.65	431323.2	211176.65	213135.79	64535.3
2593798.16	430128.83	211746.68	210264.2	64827.15
2602588.34	432515.15	213408.78	210645.2	65122.81
2602459.72	437145.72	219039.5	211722.6	66093.89
2651051.11	442511.22	227852.06	212313.23	65634.81
2686699.47	442510.97	231775.47	214356.92	65799.36
2725373.99	448033.32	232518.93	213997.05	66286.98
2704034.28	444493.81	236312.61	215718.91	65119.51
2720789.63	438852.53	235753.41	217501.43	66723.67
2777570.98	434413.82	236920.28	216426.31	67043.17
2787634.63	443041.59	239170.62	219142.5	66879.23
2717569.37	452870.57	240248.46	218267.95	68306.35
2695921.34	450509.79	238782.56	222532.79	69036.99
2649856.74	445143.13	236589.05	225674.58	69973.01
2683737.79	442882.04	233949.06	222212.02	69779.76
2714069.34	445708.03	231892.96	228801.65	70434.15
2687673.6	444268.17	228926.7	230563.66	70577.34
2674209.96	441639.65	229858.23	230425.32	71783.31
2646858.35	441178.5	227372.51	229749.98	70731.57
2648210.83	439303.05	228338.03	226622.69	69270.4
2633589.91	435783.44	227309.47	230080.65	67719.38
2638694.44	434651.93	226642.35	225559.81	66831.57
2607967.01	430827.16	228630.41	216774.52	66012.62
2633158.81	423847.28	230428.03	213075.81	66147.49
2630958.03	419601.82	230013.97	216875.72	66494.44
2592106.29	418169.58	223677.69	213480.33	66120.71
2589238.64	417516.83	224593.53	211294.17	65265.1
2583822.79	421416.45	228687.3	211464.18	64794.89
2601219.64	421777.91	229174.29	209676.56	64562.56
2614273.54	434029.19	231189.95	209775.67	63952.66
2669426.29	438146.54	230880.68	205941.06	65583.85
2670872.85	439174.84	232203.28	210211.63	64883.08
2639606.15	442534.31	229481	206951.07	64956.57
2576825.68	436603.41	225099.39	205960.85	63935.93
2534122.9	435303.97	220817.85	209583.7	64750.62
2576428.58	438358.24	222872.85	206525.23	65830.23
2641790.05	433514.32	219259.7	206752.23	65574.08
2627516.12	429047.81	221637.52	212259.07	64840.11
2602766.07	420488.06	222356.93	210039.82	65066.23
2638324.23	424266.66	223386.16	209515.71	65718.68
2621825.52	415238.4	224332.1	212476.1	66326.02
2570839.34	412100.7	222347.24	211920.4	65529.79
2603759.8	410647.98	219594.3	215490.99	65541.42
2585569.79	408214.85	220810.52	213629.54	64744.78
2597852.37	405522.72	221856.97	210633	65561.16
2597987.49	408170.46	218916.17	215412.24	64955.27
2613313.92	411185.33	215980.15	220883.21	66551.36
2583174.94	409758.14	213175.05	214850.68	69370.15
2599680.33	416900.44	215011.72	211311.72	69197.65
2581268.36	417465.24	216848.35	212502.69	70778.41
2610554.71	421889.68	218813.76	205972.45	70294.13
2621377.8	426712.59	217964.13	204210.4	68820.63
2600351.51	429506.98	215632.96	205072.37	68358.47
2528834.69	435290.08	213858.23	205796	67008.49
2508150.93	434832.82	218000.1	204031.73	66301.14
2500301.29	434611.77	217113.13	201628.9	65301.77
2475053.07	426563.07	219781.07	201841.26	64571.49
2440448.93	427939.63	221271.89	203807.35	62896.27
2366260.84	425100.03	221032.47	206304.04	62466.56
2383257.16	424274.69	225702.08	199780.45	62558.01
2422892.5	419144.94	226062.08	208757.38	61979.91
2440502.31	421415.55	226507.66	203869	62172.42
2388439.92	420996.72	229386.18	205163.83	62157.38
2382669.76	421624.81	228613.12	205241.25	60827.54
2393199.68	416199.71	228809.15	205301.06	61861.35
2444767.66	409435.76	228886.59	207227.42	60987.7
2499643.04	411584.5	228291.55	209323.45	62258.54
2500488.5	417930.76	226734.4	208395.79	62898.18
2541602.61	423034.57	226162.48	209607.69	63939.03
2549697	424482.43	227200.6	203345.38	62428.51
2573682.58	427414.72	228069.62	204181.2	63261.96
2611430.08	425883.98	227395.65	208372.57	63856.78
2600132.12	431828.44	223106.08	203296.03	64010.93
2603535.95	436278.19	227126.73	210427.16	64806.54
2636061.89	431041.99	221535.87	209697.57	65569.78
2647000.64	435572.42	223007.07	207126.79	66508.84
2649315.84	446149.68	225771.14	205300.72	66848.98
2686979.21	441158.86	227093.37	207581.54	67743.11
2646495.7	446723.06	229846.09	213237.08	69220.55
2672282.67	437515.45	226671.85	210298.57	69614.96
2657741.79	435626.37	222931.04	209969.96	68064.66
2683015	436292.15	220255.13	208956.33	68025.67
2665374.03	441952.22	223763.17	209992.47	66424.48
2675848.62	440200.2	229105.11	211160.7	66394.38
2670668.99	446919.09	230204.78	215457.77	65930.1
2653308.93	450628.69	228841.76	215906.37	66250.01
2688955.37	439833.6	232172.59	214779.17	66108.51
2703273.68	445421.41	233147.61	210465.49	65681.13
2744218.5	444725.25	234838.33	212202.26	66532.93
2749540.55	447432.26	233654.52	217076.07	66491.53
2756709.42	447272.81	233581.03	218565.78	65693.25
2800621.46	444721.96	228314.08	218694.09	67039.74
2749880.4	444006.17	227273.75	217891.59	66644.19
2738723.47	451228.2	225530.73	220470.73	67174.15
2675475.05	448793.07	228749.71	224896.2	67878.32
2697872.63	454100.08	224651.2	224460.36	68198.87
2706002.37	458794.56	225986.18	221815.32	67803.32
2694768.88	471732.62	230651.87	221926.13	68645.03
2722012.76	481587.02	229339.28	219474.14	71655.76
2721691.77	482979.56	231081.2	225186.78	73608.65
2719279.18	478527.9	235850.06	227964.55	74512.87
2699615.92	466621.59	233322	222449.09	74648.78
2699249.68	459356.81	237347.87	221174.7	74250.01
2694093.45	461504.3	239215	221455.12	73018.68
2793601.73	471283.34	245561.62	223107.6	73166.43
2830344.68	469126.83	246517.3	224118.2	74032.86
2854620.64	473207.18	248754.73	225386.88	76119.9
2888557.51	478842.05	242382.69	227684.15	75457.36
2896600.28	474350.07	237544.97	229952.98	73938.97
2875732.81	482866.57	236958.73	231154.98	71341.83
2851206.25	479611.71	234466.6	241155.35	69683.17
2862229.08	479823.03	232762.39	237532.32	69608.82
2842838.58	486207.27	234099.97	234930.46	70657.1
2808908.61	482963.28	234701.66	238254.02	71519.55
2823382.08	479463.04	236286.72	242409.55	73994.41
2810187.23	482566.51	239333.31	242259.5	72093.52
2781778.65	486484.3	239239.79	243450	68853.64
2807161.45	492590.98	245263.92	237982.65	68318.52
2816934.22	499230.26	247142.22	239936.02	67929.24
2806061.97	489884.91	253881.63	238482.06	67949.31
2835159.46	490371.34	258211.39	230952.29	69658.27
2877268.84	492463.48	258468.28	227475.59	69906
2894826.86	489320.15	253315.61	231693.54	68370.19
2898419.2	484460.11	244843.5	225999.76	68547.1
2913252.39	487494.41	241527	221862.69	69197.29
2971122.44	491671.45	246399.53	221058.13	70146.41
2947736.31	484661.37	249098.69	219601.51	71276.13
2930159.75	474085.01	246766.08	226737.73	72159.31
2992081.41	464569.18	242304.28	223590.82	74645.27
3033054.21	466202.12	235008.66	222273.19	74879.09
3068875.39	465753.6	230663.07	225410.98	75625.69
3071153.61	470085.7	229208.94	230109.71	75146.4
3007842.43	475449.49	224508.43	230173.84	75230.57
2959288.49	470854.78	226812.6	229334.42	73580.27
2900202.51	478804.3	228894.14	242113.79	73063.69
2900991.5	485429.97	231871.53	243987.13	72657.3
2878175.87	477957.81	234925.94	235637.28	73583.07
2925247.54	479303.53	235995.44	225952.11	75165.87
2928835.44	486199.22	241924	220509.09	76171.97
2963198.41	488755.08	245192.06	219577.6	77623.99
3012681.2	488334.46	243716.49	222500.44	78552.34
3056640.89	492847.79	243900.69	228632.53	78179.57
3135893.1	487625.92	242429.38	232111.54	78505.9
3063452.61	498033.56	248693.61	235091.82	76852.13
2980762.95	498821.78	248772.05	230940.84	77607
2978451.43	498005.84	250586.19	224757.56	78051.96
2956858.32	503861.9	250601.63	225561.41	76699.43
2960398.56	511389.42	250647.55	221284.11	75254.38
2960373.09	509648.26	250214.12	224788.18	76384.07
2981172.42	515691.93	249123.97	228295.78	76399.3
2997861.87	513731.1	248021.48	229112.99	76292.02
3033321.96	520921.9	248669.17	231815.05	75783.73
3018490.92	521642.72	249933.99	234330.76	76032.38
3005384.78	538340	249084.33	232107.52	74651.27
2926039.14	543792.03	247365.26	230440.24	74510.21
2885050.08	526659.79	248271.21	230546.96	76191.64
2856593.56	504816.34	249052.76	228236.59	77300.08
2837632.79	485244.76	245972.95	229133.43	77465.9
2823805.08	488395.74	247511.4	231516.67	74273.78
2886249.13	480425.33	246336.51	234452.62	73238.82
2941381.72	470460.23	249247.89	230882.05	72974.89
2924330.33	480496.07	254927.58	231125.82	72337.93
2911535.08	479893.83	257858.45	231139.88	71586.38
2887984.2	485984.17	259521.14	231436.83	71170.17
2881445.62	487718.84	258094.64	235321.13	70801.68
2850003.48	491024.57	257382.22	239623.54	71419.95
2861073.48	498387.14	252909.97	234069.5	73169.87
2944609.17	502000.23	250271.72	229030.23	75161.06
2956602.98	504722.62	249671.07	230339.23	72380.87
3005689.61	519792.2	253872.8	229137.04	72065.52
3024943.42	523978.15	252973.53	232730.24	71091.25
3017738.56	519873.28	255828.57	237026.34	70508.12
3050638.81	520827.74	255553.02	238518.15	71328.49
3110043.55	514793.4	257797.69	238193.97	72350.45
3115568.62	508785.51	257210.79	231197.64	73675.84
3145454.12	508320.96	258044.59	228778.8	74514.15
3080101.03	506480.86	256932.88	228574.42	73970.62
3075615.51	522855.37	260648.89	233050.27	76123.36
3041634.68	521655.65	264401.96	234882.02	78919.41
3120274.43	521798.83	263080.76	235565.53	77828.32
3156909.1	527795.32	264582.58	236098.48	78173.05
3179966.83	522513.98	264477.04	236068.18	77966.78
3231516.36	522739.58	262378.08	237891.38	77225.53
3315837.51	525011.36	258077.54	234575.72	78069.76
3205510.45	523041.54	256696.59	236575.5	78850.48
3090675.13	531586.4	256065.55	235656.84	79311.25
3081600.62	534130.34	255137.92	234800.22	80612.94
3062267.28	539783.53	254776.66	233689.61	80574.31
3072007.31	539786.16	261675.26	238235.39	82381.63
3116831.68	528981.63	267851.65	241131.68	83937.12
3156042.95	526047.95	264425.75	242878.54	84214.62
3141823.8	513971.43	254868.42	242238.27	82020.97
3079556.24	505898.84	255558.1	237409.41	80954.44
3055073.24	499673.63	251567.56	234150.81	79258.98
3028558.2	491183.94	249317.53	232310.43	78086.53
3043062.99	487890.13	243274.62	240099.17	77844.72
3023460.15	491083.89	245805.83	239635.26	77529.3
3049332.61	499806.13	247541.92	247171.72	79599.18
3019773.68	519140.4	249517.78	248933.06	80426.97
3023508.11	534229.67	252994.2	256299.8	81009.01
3050331.45	535253.9	254609.68	264840.7	80248.33
3056271.69	525451.06	259354.06	264180.88	78518.73
3133147.12	514456.62	261332.73	261796.05	76033.19
3121144.26	511228.12	265205.1	258856.95	74855.1
3160072.91	522203.76	268341.1	250938.32	76012.68
3136721.14	532318.07	270751.58	251694.06	76049.9
3179318.62	539678.3	274736.41	253387.54	77641.09
3184873.16	552681.23	273174.44	253319.28	80641.34
3175646.59	561478.66	277234.12	253455.6	82547.14
3218386.13	554252.56	281385.77	250476.49	81888.51
3266748.86	544486.67	288014.76	251620.45	83085.58
3373441.72	552912.98	291921.46	251910.68	81729.38
3361784.47	567493.18	288791.93	250718.96	80673.79
3301804.9	563330.2	286009.69	247828.35	79025.05
3295044.64	558781.66	280669.89	254824.18	80423.91
3170007.08	557967.93	276197.46	260347.37	80004.59
3109957.18	558146.33	274156.82	252689.33	78932.19
3152294.11	556301.98	275749.53	253597.7	78943.71
3132668.01	550204.52	274920.8	247208.82	79984.22
3155198.66	550438.87	270916.4	242085.35	80839.58
3154528.71	546525.69	276771.12	241462.62	81291.83
3282511.83	543251.75	271914.79	241113.8	81456.45
3276521.5	540120.92	270633.34	240284.56	82728.29
3237434.33	541683.48	266483.68	246478.95	81885.64
3243563.34	542966.35	263130.35	243045.85	83506.72
3169633.9	540255.24	262792.14	239930.78	84428.67
3099801.27	539215.88	266652.57	241703.26	83158.65
3057834.32	533732.53	269586.01	240730.2	83451.13
3100750.24	538122.69	271613.74	237710.54	83529.23
3065924.24	537907.89	269285.27	244531.33	82993.83
3072552.24	532294.54	267175.51	246612.38	83926.43
3094632.29	537969.61	271603.08	242077.77	84041.83
3107483.32	534942.07	274131.92	245370.76	82087.4
3155149.34	536152.74	277004.78	249626.45	83507.36
3191556.72	537689.67	282717.07	252785.79	82479.58
3180034.35	546540.34	279378.13	256156.13	83780.61
3168791.01	547520	280508.97	258158.05	83901.97
3250187.79	547202.68	280355.37	249475.11	84780.58
3243460.66	543881.21	278220.31	240286.23	86106.46
3204447.18	551615.42	279298.52	241111.82	86042.17
3214660.27	553146.78	273900.46	243248.15	85189.57
3275440.95	556757.52	278210.51	248981.64	83549.73
3296881.61	563473.21	274743.72	253753.96	82967.55
3312233.67	565493.9	277917.78	260549.19	82831.76
3270461.51	573495.91	281071.01	270255.53	83393.39
3212540.26	571551.62	280494.78	264859.2	84130.26
3253984.23	579403.95	281842.8	257634.5	83889.45
3315654.34	577495.2	284838.28	245893.71	83958.76
3404933.62	580755.65	291749.72	239043.51	83858.37
3402046.64	575367.85	286432.57	240642.79	84778.45
3449895.64	573103.73	281679.3	242631.19	85162.93
3472320.72	571171.99	279514.8	245938.61	85051.92
3408319.49	568281.08	279324	248689.94	85442.73
3320480.76	566526.46	280289.9	252969.25	85766.03
3321643.18	563158.77	282456.68	256700.17	85700.55
3341160.01	565870.33	281237.7	259924.3	86539.95
3291902.75	566826.58	285527.59	259834.75	89064.91
3327879.19	563190.06	286171.29	262818.94	93307.72
3297925.69	569434.66	287609.27	259238.33	97824.68
3351609.8	567068.55	287389.72	254487.2	98131.92
3372560.46	576160.59	288171.98	255945.47	95675.81
3369489.14	583093.45	284722.18	255677.96	94732.28
3381381.36	582599.8	285419.52	254211.71	91635.87
3418881.01	584394.89	286341.56	254067.25	86942.42
3475591.83	592878.81	288307.55	258417.73	83202.87
3515715.25	596789	287688.63	258142.97	84450.56
3476832.99	586344.81	289571.4	263360.45	87653.94
3433040.91	572715.48	297450.36	262317.75	88837.14
3463944.29	564596.83	292597.26	258546.36	88991.19
3415454.95	569702.11	286348.46	260229.23	90896.55
3385020.41	585675.66	284431.74	256000.56	93306.83
3414549.72	596975.31	281222.26	260020.61	95001.81
3460107.3	613706.35	273463.85	259749.49	92435.6
3467552.61	614605.41	275260.9	257881.19	88970.65
3474005.18	597186.17	280119.02	259253.95	87847.46
3495817.57	577261.16	284892.8	259877.84	86970.95
3479470.06	576217.82	290084.44	263351.33	84684.55
3482069.25	580421.13	294913.67	265482	83422.1
3476401.93	587102.12	303419.89	265683.37	81139.31
3505764.83	596829.67	307764.18	264565.14	80549.71
3516854.51	602379.74	309679	272478.14	83061.84
3496895.85	620033.39	304035.46	268864.13	83753.57
3542112.95	615884.13	300619.02	269672.68	84266.14
3510307.26	613924.29	294779.72	268277.01	86696.5
3428437.47	606292.01	289998.72	267390.18	89488.14
3396289.79	600844.45	292917.01	264881.24	90720.63
3430310.92	595606.69	295157.47	264628.16	91405.47
3526671.85	602939.17	299792.38	265644.97	92804.04
3483220.89	609928.39	297349.02	265179.18	93433.32
3457397.67	591481.89	290116.53	272776.04	90973.74
3445806.01	569058.71	285020.85	268342.66	89259.97
3440976.94	564946.68	286339.3	265222.97	90216.38
3451076.66	569804.14	285362.72	273108.58	94016.49
3416653.86	586093.02	284776	270016.37	94775.8
3407507.96	604451.91	284330.55	269483.68	93522.72
3429012.76	604430.5	288315.42	267699.77	91850.62
3530710.09	612257.7	291357.6	268386.24	89501.5
3529460.37	614830.1	292888.48	275385.02	88445.1
3577105.63	620265.07	296162.25	273296.28	88689.33
3607192.99	627264.18	296756.65	274232.54	89817.92
3606347.37	628040.92	298822.3	274915.47	91487.86
3614597	625500.24	304895.72	279949.03	92984.14
3672597.27	627531.92	309842.91	278860.16	93639.6
3743308.9	632539.32	307164.89	279934.33	94408.83
3703300.05	630190.77	310654.47	282780.53	97035.57
3698702.32	630315.69	310831.06	282722.97	97283.35
3640101.89	626709.21	312454.16	281552.54	96115.16
3666274.24	633200.61	308718.15	283333.65	96530.05
3689888.56	630773.41	310711.62	282085.79	96758.11
3572893.44	621391.75	311787.18	281041.57	98027.73
3625386.9	631186.71	314144.07	278940.1	98401.84
3547413.51	623684.53	312235.31	274719.66	98978.72
3515852.45	626084.2	307897.25	271451.63	98166.31
3483747.22	621470.24	305787.77	268503.62	98702.42
3530359.37	629453.55	305124.05	265737	97189.35
3600139.62	628444.8	304237.31	265597.57	97194.78
3600356.78	627966.5	301239.47	267364.68	96308.49
3609770.02	631534.08	296363.52	268025.1	94633.48
3595496.75	636164.44	293519.67	268416.95	94555.09
3542596.13	631682.85	292652.96	266526.7	94581.46
3592065.08	624344.59	291067.82	266469.42	94269.42
3608401.49	616534.12	291301.77	266770.93	92660.74
3583169.31	616341.43	291643.81	264759.48	92888.25
3637617.56	607783.41	289248.3	274806.39	92288.29
3604201.44	596787.32	292384.9	265995.71	92595.1
3614177.09	610438.82	289105.07	271124.29	92596.14
3599573.74	606120.12	286683.49	274009.2	92684.4
3542663.1	604382.9	285394.72	268708.28	92955.65
3619006.39	605685.98	285905.5	269776.12	95476.43
3616005.24	611220.66	287446.93	275382.64	96511.08
3650660.31	607054.17	289362.63	274762.13	94460.31
3626943.23	604164.96	290676.49	278349.88	94405.18
3524560.79	603669.47	295276.56	278030.04	92856.94
3558033.29	606037.01	299767.03	278694.63	91971.75
3620816.17	602904.81	299322.43	274902.84	93127.61
3606191.59	611612.49	299440.25	276008.46	94060.29
3554561.2	609160.99	300593.45	281241.71	94125.6
3573365.17	611500.83	294656.55	277305.71	93324.07
3607495.54	613481.33	296960.56	281612.13	93987.25
3611050.38	618882.88	302306.28	272650.1	93324.11
3604325.53	610057.08	304956.27	276383.63	92686.08
3617913.51	618340.5	302780.49	273044.82	92202.91
3624825.13	622886.61	302053.35	273980.23	93207.37
3657465.89	627829.78	303347.24	272853.28	91919.71
3593663.06	637591.55	305050.2	278119.1	91847.53
3623837.71	633219.69	307324.55	273132.96	93039.54
3646629.79	642275.18	303836.85	278457.68	92316.06
3577357.91	633808.08	302145.51	272757.59	91574.28
3577366.86	623165.48	299736.97	274266.25	92087.48
3552246.51	609039.95	301015.51	265386.66	90925.65
3527479.18	594398.65	307565.63	260540.57	91141.25
3515405.45	586458.89	298768.53	270464.79	92835.38
3424666.97	593091.37	288914.11	265082.02	90793.43
3438676.53	589496.77	283555.28	268720.88	91193.81
3389279.69	589348.76	283414.32	271636.76	91707.55
3395605.32	606825.58	284245.76	272381.82	91129.7
3400686.26	615622.97	283380.07	268502.46	91177.86
3469033.15	613447.4	284911.72	270907.62	90347.48
3366322.2	596546.34	283421.43	267290.93	91294.13
3361567.47	583781.62	283310.98	268194.46	90846.82
3309817.84	577522.81	283656.9	273192.44	90115.91
3290042.61	572564.67	281725.88	269535.77	89255.6
3300594.93	564987.32	284026.87	265013.66	89278.98
3301140.67	567245.02	283107.15	258395.18	88970.3
3297890.72	559007.87	285966.16	249884.37	88253.32
3348649.98	556228.95	283711.51	245355.12	88404.96
3358154.18	558408.69	285857.76	251310.03	88156.51
3344191.05	564151.63	282226.57	260252.77	87912.37
3346290.87	559959.64	283085.89	255530.34	87969.34
3341686.48	552269.01	283327.79	258614.37	86134.4
3347676.68	570070.77	284360.81	257506.77	86744.54
3320362.03	574160.92	282791.79	261105.5	87477.36
3372985.43	571102.25	280919.34	254932.91	86824.89
3382918.12	580710.81	281155.2	250934.34	86300.78
3407039.41	590079.76	283487.61	250929.71	86549.57
3413478.87	587286.86	280979.05	250209.11	86702.66
3400463.92	595660.59	283302.34	257467.16	87425.66
3454915.44	599425.08	282058.67	255571.43	86943.39
3477390.44	591882.79	283346.98	259001.52	86475.64
3478660.91	592994.48	282657.64	253470.43	86271.27
3512008.09	582075.42	283447.07	253262.06	86918.19
3533331.78	576747.22	286398.46	267717.57	85735.54
3515669.32	572350.64	282968.58	272427.72	84166.19
3477613.24	572712.77	283543.95	263963.79	83823.12
3514197.42	566083.03	281427.55	261086.82	84893.15
3485304.79	568056.99	282687.19	259498.15	86349.71
3463065.47	568481.55	285659.01	258785.21	85727.87
3460381.92	560087.19	287825.3	258631.34	86767.69
3460645.2	562421.72	288867.4	255599.7	85635.21
3478597.61	563014.59	285231.33	252250.93	86269.78
3540719.5	562162.58	289080.21	259487.54	85373.25
3525670.19	567184.73	290711.78	260573.82	85497.17
3588003.19	562270.92	289300.29	262343.47	86074.55
3515072.57	557507.9	290520.55	262711.11	84684.49
3486971.81	552005.02	287853.26	258939.29	84755.46
3507657.07	554971.28	289874.53	265035.07	84262.75
3557509.4	563432.27	285372.93	265587.6	83949.08
3480702.49	564018.7	282648.91	273000.42	85133.58
3477409.15	559536.32	279810.52	265653.24	84635.36
3487844.16	557004.63	277603.05	267169.39	85067.73
3482189.52	557791.14	276650.1	263812.6	84021.99
3422054.08	544400.91	273005.83	260640.77	85404.72
3462382.92	540248.18	271034.29	255694.58	85690.7
3541601.29	536976.01	270252.31	251987.36	87270.01
3530328.08	531950.22	271568.81	249426.73	86321.28
3432830.91	521275.38	269958.55	250933.74	86406.04
3342530.85	526375.85	266074.64	244320.12	85867.81
3299915.61	531178.06	265706.37	243479.13	83475.48
3178077.77	530527.61	258454.02	242302.75	81562.37
3069991.4	535650.32	259312.31	242961.41	80107.84
3049224.13	536706.92	259603.82	234320.81	78839.12
2946776.05	540556.51	257557.44	234166.75	77308.48
2873882.44	537083.28	257456.72	236702.05	76150.48
2922302.22	527784.37	252781.18	237191.27	76011.03
2987862.38	521196.16	251210.49	237071.1	75967.87
2931943.48	517139.84	250745.5	237273.47	75944.22
2868330.97	513915.38	249890.43	230706.53	77217.79
2937170.16	520951.88	251629.09	231603.97	76546.24
2954464.28	517896.22	250297.38	229125.99	77638.08
2960778.2	527538.1	248919.88	236759.39	78497.02
3002324.14	534851.45	248253.45	239991.53	78488.92
3018999.74	541131.34	247388.06	242262.62	78067.22
2979376.1	547645.34	248074.99	234896.51	78560.75
3021785.63	550688.88	245848.37	235869.11	79844.02
2926006.25	540309.95	246245.37	235581.07	80575.73
2880068.01	535680.76	250166.19	238976.35	80992.31
2919444.26	532912.38	252259.58	234386.52	81729.87
2988897.54	521911.38	259249.66	238335.93	82305.98
3039718.7	526746.04	263446.02	234615.28	80831.99
3038152.48	535931.13	276927.39	240600.65	80192.12
3046735.33	543287.73	276677.54	241975.93	80013.77
3009189.26	542640.09	280962.47	248169.63	79908.05
3034396.96	534687.33	285835.47	250847.21	81184.87
3126593.94	538100.72	290351.09	244749.93	81579.62
3201370.9	542643.36	288194.37	253252.86	83207.68
3206928.03	532947.12	290513.68	256486.92	83451.67
3267591.16	524076.78	291491.17	254969.11	83606.01
3164855.41	523878.34	279603.44	255032.24	83123.12
3069650.12	521170.25	272716.32	245744.65	81870.43
2999200.99	517701.97	265498.32	237015.37	81378.44
2980908.79	495193.03	258524.14	235280.26	80340.18
2848353.11	491785.57	251141.82	236585.46	79099.66
2834716.07	489581.07	240286.7	231083.53	77803.94
2840609.43	492517.33	236313.93	227845.28	76781.55
2854430.76	476083.47	224770.77	227058.72	76194.83
2858363.69	474695.07	222841.58	220528.82	74540.98
2877583.57	463122.72	221144.73	213225.56	73647.13
2829922.71	448078.38	214541.36	204057.85	72746.69
2856333.5	431032.38	209260.88	206177.18	70093.12
2814482.93	426037.01	203533.9	198063.24	66860.39
2772328.49	421641.6	204069.94	188501.69	65947.14
2812131.8	421745.78	201393.02	194146.76	67129.37
2746138.62	415987.8	202574.2	196025.4	65014.96
2714681.75	421407.4	195712.52	200419.07	64531.21
2641367.76	415155.8	192826.66	190518.31	63259.13
2641367.76	415155.8	192826.66	190518.31	63259.13
2641367.76	415155.8	192826.66	190518.31	63259.13
2641367.76	415155.8	192826.66	190518.31	63259.13
2641367.76	415155.8	192826.66	190518.31	63259.13
2641367.76	415155.8	192826.66	190518.31	63259.13
2641367.76	415155.8	192826.66	190518.31	63259.13
2641367.76	415155.8	192826.66	190518.31	63259.13
2641367.76	415155.8	192826.66	190518.31	63259.13
2641367.76	415155.8	192826.66	190518.31	63259.13
2641367.76	415155.8	192826.66	190518.31	63259.13
2641367.76	415155.8	192826.66	190518.31	63259.13
2641367.76	415155.8	192826.66	190518.31	63259.13
2641367.76	415155.8	192826.66	190518.31	63259.13
2641367.76	415155.8	192826.66	190518.31	63259.13
2641367.76	415155.8	192826.66	190518.31	63259.13
2641367.76	415155.8	192826.66	190518.31	63259.13
2641367.76	415155.8	192826.66	190518.31	63259.13
2641367.76	415155.8	192826.66	190518.31	63259.13
2641367.76	415155.8	192826.66	190518.31	63259.13
2641367.76	415155.8	192826.66	190518.31	63259.13
2641367.76	415155.8	192826.66	190518.31	63259.13
2641367.76	415155.8	192826.66	190518.31	63259.13
2641367.76	415155.8	192826.66	190518.31	63259.13
2641367.76	415155.8	192826.66	190518.31	63259.13
2641367.76	415155.8	192826.66	190518.31	63259.13
2641367.76	415155.8	192826.66	190518.31	63259.13
2641367.76	415155.8	192826.66	190518.31	63259.13
2641367.76	415155.8	192826.66	190518.31	63259.13
2641367.76	415155.8	192826.66	190518.31	63259.13
2641367.76	415155.8	192826.66	190518.31	63259.13
2677807.61	387557.3	191108.06	186400.6	62220.09
2592594.13	369427.4	190685.94	183242.08	60863.45
2607501.44	365610.76	190509.96	174747.66	61041.52
2552813.18	371334.2	187754.05	178635.62	60376.89
2510164.66	368806.52	187521.01	174040.99	59447.24
2436382.9	380146.55	187718.57	170057.31	59835.98
2455914.94	388263.51	188229.17	175059.86	59646.33
2491266.86	398218.94	183065.2	172841.89	59562.78
2487142.81	396189.85	184749.82	178019.49	57796.49
2479164.27	393631.16	181970.36	175120.31	58308.85
2449136.25	390806.33	180515.33	172972.13	58395.28
2462600.37	385817.56	185358	171155.2	58140.39
2481932.65	381011.38	182222.18	174230.52	56054.03
2459279.05	374718.99	181259.82	173538.12	57182.06
2436130.24	365306.04	178653.41	167323.91	57150.73
2387336.28	356211.36	180785.5	177423.12	58240.49
2291690.63	363231.89	183586.16	173335.05	57077.92
2279602.16	360648.82	186448.85	173800.16	55834.73
2255202.02	364024.66	187330.36	168506.65	53605.75
2259225.22	366849.81	187968.91	167170.05	52845.33
2218753.78	364597.28	181103.05	163361.6	53167.82
2186254.55	348766.93	176458.98	158393.29	53829.25
2204147.16	350340.93	171450.39	161710.74	56435.02
2129028.87	354436.82	170120.72	162239.13	57461.46
2129729.08	351850.42	174390.46	161723.57	56628.7
2169008.71	356650.64	170911.63	155025.87	54994.02
2176351.21	353827.15	169644.97	162637.97	54586.34
2168852.45	352145.19	174413.38	163921.05	54307.8
2227759.87	357815.55	172390.81	165387.91	56126.17
2239241.99	365147.47	170705.32	173922.1	55469.05
2306995.28	366095.64	170955.52	170128.02	56052.35
2304809.57	372401.19	175793.36	173851.85	56163.99
2299803.19	366961.81	174583.21	172481.13	56759.32
2377508.87	363263.37	176156.35	172628.75	55458.49
2488629.85	373494.67	180397.53	174316.05	56016.11
2510569.78	373841.3	180144.38	180106.2	55626.16
2648840.63	369814.67	184848.15	174626.7	55677.11
2574648.9	377572.35	183806.82	171790.26	54121.41
2523448.7	386342.31	187898.77	176387.93	52937.09
2519021.84	384985.78	186606.05	172683.58	54157.93
2480609.09	393001.51	190698.86	174419.31	57108.57
2536529.76	396527.12	189055.69	171152.53	57098.74
2603109.95	400640.4	190709.34	171835.67	58192.47
2636208.09	396344.85	190861.3	173106.4	59643.76
2602819.94	401007.06	193407.01	180377.72	59869.86
2557750.63	393595.89	197626.61	175203.01	59893.9
2477933.5	384779.31	193965.42	172730.01	59897.4
2474977.21	381121.44	194552.97	179342.62	59217.99
2382418.06	375391.63	190706.9	169293.39	57675.02
2354959.91	374947.98	187426.66	164300.76	56252.45
2273971.37	367083.61	189158.58	158289.64	53770.31
2282995.81	359095.83	186791.73	153305.64	54213.79
2306766.62	354789.58	178097.96	155573.89	53419.67
2267635.5	360993.82	177800.33	152762.62	53783.77
2216886.33	357425.86	173886.22	146059.91	54709.51
2162435.32	345818.77	171370.04	142219.92	53323.65
2105348.75	347739.29	169285.94	143994.03	52783.88
2100196.69	335993.48	166253.5	147294.11	50428.71
2070793.7	331858.88	164607.08	145861.32	47967
2134324.89	320503.83	163693.08	149019.95	49938.83
2167145.17	324442.92	161490.19	152593.7	51988.44
2224883.25	335063.73	158494.43	151517.53	52013
2222403.38	330213.58	156559.13	152372.85	49560.87
2165950.62	324752.65	152947.58	146693.72	48741.81
2134885.2	319312.5	146368.63	142936.84	49696.25
2156329.7	317487.16	145201.83	146975.4	49502.28
2078994.23	307968.65	147710.84	158224.75	49454.5
2006397.38	293175.35	143418.11	146484.2	49463.69
2004248.54	297920.66	146082.47	146991.8	50298.55
2031843.98	298422.07	149939.32	143659.68	50586.15
1997246	302071.95	149613.41	153094.31	51125.77
2046704.74	297967.1	147690.08	152750.42	51901.63
2094485.22	298650.33	149364.54	152880.92	51610.91
2120619.51	299136.73	149892.77	151018.48	49269.92
2238059.47	304911.58	152429.63	148293.94	47965.44
2209059.89	300011.75	155167.16	141148.4	48432.08
2235925.74	305178.71	152491.41	138176.61	48158.04
2281400.64	302505.24	151540.33	136597.19	49659.44
2279383.67	300086.38	155747.54	138708.28	49494.85
2357316.65	307489.96	148212.18	145422.82	48762.21
2322967.3	314787.86	144203.2	147849.49	49538.12
2322303.29	312159.71	148510.42	150607.12	47574.82
2280712.34	312806.9	155772.35	149607.17	46269.6
2298670.91	323226.1	156560.88	152693.44	48493.3
2283196.84	326259.12	151790.23	153065.86	50705.72
2157368.9	326038.06	153301.35	158109.03	50926.29
2121857.1	319546.39	155838.68	153608.34	51524.62
2188137.85	309334.62	162541.27	156268.33	52277.49
2165209.32	308700.08	165916.03	166598.25	50700.3
2215430.3	301873.09	166963.65	164117	51031.42
2254796.39	308068.67	169513.1	163211.2	50700.81
2209546.35	316464.1	161757.63	164200.34	50505.06
2175355.97	323950.53	158949.57	151221.19	51437.2
2130304.49	326680.34	153509.3	156871.01	51639.43
2083444.74	317696.68	151671.14	157829.23	52131.56
2070420.25	320002.48	149950.03	150321.87	51410.49
2076287.44	321391.4	149155.2	143439.15	51125.07
2073824.44	320736.45	149010.86	142128.64	50952.81
2028145.62	312554.11	149250.52	144320.57	50306.5
2035089.8	304623.55	150957.48	145588.94	49364.3
2037472.42	307911.28	145580.46	149740.54	47732.91
2011932.89	301784.02	148673.02	143537.01	46004.82
1977325.23	304006	146097.18	143195.42	46668.1
1984009.9	290638.05	147240.49	142465.49	47469.64
2000944.54	302276.37	145222.81	135103.54	45474.29
1944509.74	313664.06	142679.47	138285.23	43938.88
1917211.15	297500.45	143389.23	135565.32	43818.58
1896023.02	283597.44	138303.31	134213.49	42774.34
1890586.64	269231.03	137872.34	130548.45	43548.48
1907037.2	253943.99	134509.29	133361.47	42741.27
1891333.86	250815.47	127692.89	134671.11	41736.99
1826788.63	253622.47	128285.56	132029.12	39714
1792823.54	258950.29	131554.86	121360.29	39658.42
1859084.32	255164.01	132472.31	118882.49	40921.14
1764346.15	268379.2	132096	120572.74	41090.15
1712814.97	259968.41	126425.44	120035.83	40282.79
1711723.86	250088.8	119190.25	116559.16	39923.7
1697181.51	237445.65	117426.67	117142.27	39447.32
1732606.6	238473.33	120771	114989.05	38093.89
1717283.98	233556.15	118332.73	116909.16	37932.82
